tip_label,species,status,tip_order
Trifolium_fragiferum,Trifolium_fragiferum,exisiting species in the megatree,1
Trifolium_resupinatum,Trifolium_resupinatum,exisiting species in the megatree,2
Trifolium_hybridum,Trifolium_hybridum,exisiting species in the megatree,3
Trifolium_alexandrinum,Trifolium_alexandrinum,exisiting species in the megatree,4
Trifolium_repens,Trifolium_repens,exisiting species in the megatree,5
Trifolium_ambiguum,Trifolium_ambiguum,exisiting species in the megatree,6
Trifolium_medium,Trifolium_medium,exisiting species in the megatree,7
Trifolium_rubens,Trifolium_rubens,exisiting species in the megatree,8
Trifolium_pratense,Trifolium_pratense,exisiting species in the megatree,9
Trifolium_incarnatum,Trifolium_incarnatum,exisiting species in the megatree,10
Trifolium_subterraneum,Trifolium_subterraneum,exisiting species in the megatree,11
Trifolium_campestre,Trifolium_campestre,exisiting species in the megatree,12
Trifolium_dubium,Trifolium_dubium,exisiting species in the megatree,13
Trifolium_aureum,Trifolium_aureum,exisiting species in the megatree,14
Medicago_littoralis,Medicago_littoralis,exisiting species in the megatree,15
Medicago_sativa,Medicago_sativa,exisiting species in the megatree,16
Medicago_polymorpha,Medicago_polymorpha,exisiting species in the megatree,17
Medicago_arabica,Medicago_arabica,exisiting species in the megatree,18
Medicago_orbicularis,Medicago_orbicularis,exisiting species in the megatree,19
Medicago_minima,Medicago_minima,exisiting species in the megatree,20
Trigonella_foenum-graecum,Trigonella_foenum-graecum,exisiting species in the megatree,21
Ononis_spinosa,Ononis_spinosa,exisiting species in the megatree,22
Lathyrus_latifolius,Lathyrus_latifolius,exisiting species in the megatree,23
Lathyrus_sylvestris,Lathyrus_sylvestris,exisiting species in the megatree,24
Lathyrus_sativus,Lathyrus_sativus,exisiting species in the megatree,25
Lathyrus_linifolius,Lathyrus_linifolius,exisiting species in the megatree,26
Lathyrus_vernus,Lathyrus_vernus,exisiting species in the megatree,27
Lathyrus_aphaca,Lathyrus_aphaca,exisiting species in the megatree,28
Vicia_faba,Vicia_faba,exisiting species in the megatree,29
Vicia_grandiflora,Vicia_grandiflora,exisiting species in the megatree,30
Vicia_pannonica,Vicia_pannonica,exisiting species in the megatree,31
Vicia_benghalensis,Vicia_benghalensis,exisiting species in the megatree,32
Vicia_villosa,Vicia_villosa,exisiting species in the megatree,33
Vicia_ervilia,Vicia_ervilia,grafted at genus level,34
Lathyrus_oleraceus,Lathyrus_oleraceus,grafted at genus level,35
Lathyrus_niger,Lathyrus_niger,grafted at genus level,36
Lathyrus_odoratus,Lathyrus_odoratus,grafted at genus level,37
Galega_officinalis,Galega_officinalis,exisiting species in the megatree,38
Astragalus_glycyphyllos,Astragalus_glycyphyllos,exisiting species in the megatree,39
Astragalus_cicer,Astragalus_cicer,exisiting species in the megatree,40
Oxytropis_campestris,Oxytropis_campestris,exisiting species in the megatree,41
Colutea_arborescens,Colutea_arborescens,exisiting species in the megatree,42
Onobrychis_viciifolia,Onobrychis_viciifolia,exisiting species in the megatree,43
Glycyrrhiza_echinata,Glycyrrhiza_echinata,grafted at genus level,44
Lotus_pedunculatus,Lotus_pedunculatus,exisiting species in the megatree,45
Lotus_alpinus,Lotus_alpinus,grafted at genus level,46
Lotus_hirsutus,Lotus_hirsutus,grafted at genus level,47
Anthyllis_barba-jovis,Anthyllis_barba-jovis,grafted at genus level,48
Anthyllis_vulneraria,Anthyllis_vulneraria,exisiting species in the megatree,49
Hippocrepis_comosa,Hippocrepis_comosa,exisiting species in the megatree,50
Hippocrepis_emerus,Hippocrepis_emerus,grafted at genus level,51
Coronilla_varia,Coronilla_varia,grafted at genus level,52
Robinia_pseudoacacia,Robinia_pseudoacacia,exisiting species in the megatree,53
Olneya_tesota,Olneya_tesota,exisiting species in the megatree,54
Hylodesmum_glutinosum,Hylodesmum_glutinosum,exisiting species in the megatree,55
Desmodium_canadense,Desmodium_canadense,exisiting species in the megatree,56
Amphicarpaea_bracteata,Amphicarpaea_bracteata,exisiting species in the megatree,57
Bituminaria_bituminosa,Bituminaria_bituminosa,exisiting species in the megatree,58
Erythrina_poeppigiana,Erythrina_poeppigiana,grafted at genus level,59
Phaseolus_vulgaris,Phaseolus_vulgaris,exisiting species in the megatree,60
Abrus_precatorius,Abrus_precatorius,exisiting species in the megatree,61
Amorpha_canescens,Amorpha_canescens,grafted at genus level,62
Amorpha_fruticosa,Amorpha_fruticosa,exisiting species in the megatree,63
Dalea_purpurea,Dalea_purpurea,exisiting species in the megatree,64
Genista_cinerea,Genista_cinerea,exisiting species in the megatree,65
Genista_tinctoria,Genista_tinctoria,exisiting species in the megatree,66
Genista_pilosa,Genista_pilosa,exisiting species in the megatree,67
Genista_germanica,Genista_germanica,grafted at genus level,68
Ulex_europaeus,Ulex_europaeus,exisiting species in the megatree,69
Spartium_junceum,Spartium_junceum,exisiting species in the megatree,70
Cytisus_nigricans,Cytisus_nigricans,exisiting species in the megatree,71
Chamaecytisus_ratisbonensis,Chamaecytisus_ratisbonensis,grafted at genus level,72
Chamaecytisus_purpureus,Chamaecytisus_purpureus,grafted at genus level,73
Chamaecytisus_hirsutus,Chamaecytisus_hirsutus,grafted at genus level,74
Chamaecytisus_austriacus,Chamaecytisus_austriacus,grafted at genus level,75
Cytisus_scoparius,Cytisus_scoparius,exisiting species in the megatree,76
Lupinus_luteus,Lupinus_luteus,exisiting species in the megatree,77
Lupinus_angustifolius,Lupinus_angustifolius,exisiting species in the megatree,78
Lupinus_polyphyllus,Lupinus_polyphyllus,exisiting species in the megatree,79
Lupinus_albus,Lupinus_albus,exisiting species in the megatree,80
Lupinus_perennis,Lupinus_perennis,grafted at genus level,81
Ormosia_macrocalyx,Ormosia_macrocalyx,exisiting species in the megatree,82
Sophora_microphylla,Sophora_microphylla,exisiting species in the megatree,83
Dalbergia_melanoxylon,Dalbergia_melanoxylon,exisiting species in the megatree,84
Dalbergia_retusa,Dalbergia_retusa,exisiting species in the megatree,85
Castanospermum_australe,Castanospermum_australe,exisiting species in the megatree,86
Myroxylon_balsamum,Myroxylon_balsamum,exisiting species in the megatree,87
Andira_fraxinifolia,Andira_fraxinifolia,exisiting species in the megatree,88
Acacia_aulacocarpa,Acacia_aulacocarpa,exisiting species in the megatree,89
Acacia_mangium,Acacia_mangium,exisiting species in the megatree,90
Acacia_holosericea,Acacia_holosericea,exisiting species in the megatree,91
Acacia_colletioides,Acacia_colletioides,exisiting species in the megatree,92
Acacia_aneura,Acacia_aneura,exisiting species in the megatree,93
Acacia_crassicarpa,Acacia_crassicarpa,exisiting species in the megatree,94
Acacia_melanoxylon,Acacia_melanoxylon,exisiting species in the megatree,95
Acacia_longifolia,Acacia_longifolia,exisiting species in the megatree,96
Acacia_dealbata,Acacia_dealbata,exisiting species in the megatree,97
Acacia_suaveolens,Acacia_suaveolens,exisiting species in the megatree,98
Vachellia_tortilis,Vachellia_tortilis,exisiting species in the megatree,99
Vachellia_gerrardii,Vachellia_gerrardii,exisiting species in the megatree,100
Vachellia_karroo,Vachellia_karroo,exisiting species in the megatree,101
Vachellia_nilotica,Vachellia_nilotica,exisiting species in the megatree,102
Vachellia_caven,Vachellia_caven,exisiting species in the megatree,103
Albizia_lebbeck,Albizia_lebbeck,exisiting species in the megatree,104
Vachellia_farnesiana,Vachellia_farnesiana,grafted at genus level,105
Inga_oerstediana,Inga_oerstediana,exisiting species in the megatree,106
Inga_spectabilis,Inga_spectabilis,exisiting species in the megatree,107
Inga_laurina,Inga_laurina,exisiting species in the megatree,108
Enterolobium_cyclocarpum,Enterolobium_cyclocarpum,exisiting species in the megatree,109
Albizia_julibrissin,Albizia_julibrissin,exisiting species in the megatree,110
Calliandra_eriophylla,Calliandra_eriophylla,exisiting species in the megatree,111
Senegalia_senegal,Senegalia_senegal,grafted at genus level,112
Leucaena_leucocephala,Leucaena_leucocephala,exisiting species in the megatree,113
Dichrostachys_cinerea,Dichrostachys_cinerea,exisiting species in the megatree,114
Desmanthus_illinoensis,Desmanthus_illinoensis,grafted at genus level,115
Acacia_terminalis,Acacia_terminalis,grafted at genus level,116
Erythrophleum_africanum,Erythrophleum_africanum,exisiting species in the megatree,117
Erythrophleum_suaveolens,Erythrophleum_suaveolens,exisiting species in the megatree,118
Peltophorum_africanum,Peltophorum_africanum,exisiting species in the megatree,119
Schizolobium_parahyba,Schizolobium_parahyba,exisiting species in the megatree,120
Libidibia_coriaria,Libidibia_coriaria,grafted at genus level,121
Cassia_fistula,Cassia_fistula,exisiting species in the megatree,122
Senna_bacillaris,Senna_bacillaris,grafted at genus level,123
Gleditsia_triacanthos,Gleditsia_triacanthos,exisiting species in the megatree,124
Apuleia_leiocarpa,Apuleia_leiocarpa,exisiting species in the megatree,125
Cercis_siliquastrum,Cercis_siliquastrum,exisiting species in the megatree,126
Cercis_canadensis,Cercis_canadensis,exisiting species in the megatree,127
Bauhinia_divaricata,Bauhinia_divaricata,grafted at genus level,128
Hymenaea_courbaril,Hymenaea_courbaril,exisiting species in the megatree,129
Tamarindus_indica,Tamarindus_indica,exisiting species in the megatree,130
Laburnum_anagyroides,Laburnum_anagyroides,grafted at family level,131
Laburnum_alpinum,Laburnum_alpinum,grafted at family level,132
Sulla_coronaria,Sulla_coronaria,grafted at family level,133
Cytisophyllum_sessilifolium,Cytisophyllum_sessilifolium,grafted at family level,134
Adinobotrys_atropurpureus,Adinobotrys_atropurpureus,grafted at family level,135
Biancaea_sappan,Biancaea_sappan,grafted at family level,136
Samanea_saman,Samanea_saman,grafted at family level,137
Polygala_myrtifolia,Polygala_myrtifolia,exisiting species in the megatree,138
Polygala_major,Polygala_major,grafted at genus level,139
Rosa_rubiginosa,Rosa_rubiginosa,exisiting species in the megatree,140
Rosa_micrantha,Rosa_micrantha,exisiting species in the megatree,141
Rosa_agrestis,Rosa_agrestis,exisiting species in the megatree,142
Rosa_marginata,Rosa_marginata,exisiting species in the megatree,143
Rosa_canina,Rosa_canina,exisiting species in the megatree,144
Rosa_gallica,Rosa_gallica,exisiting species in the megatree,145
Rosa_multiflora,Rosa_multiflora,exisiting species in the megatree,146
Rosa_pendulina,Rosa_pendulina,exisiting species in the megatree,147
Rosa_woodsii,Rosa_woodsii,exisiting species in the megatree,148
Rosa_dumalis,Rosa_dumalis,grafted at genus level,149
Rosa_inodora,Rosa_inodora,grafted at genus level,150
Fragaria_virginiana,Fragaria_virginiana,exisiting species in the megatree,151
Fragaria_viridis,Fragaria_viridis,exisiting species in the megatree,152
Fragaria_moschata,Fragaria_moschata,exisiting species in the megatree,153
Alchemilla_xanthochlora,Alchemilla_xanthochlora,exisiting species in the megatree,154
Alchemilla_mollis,Alchemilla_mollis,exisiting species in the megatree,155
Potentilla_hippiana,Potentilla_hippiana,exisiting species in the megatree,156
Potentilla_grandiflora,Potentilla_grandiflora,exisiting species in the megatree,157
Potentilla_norvegica,Potentilla_norvegica,exisiting species in the megatree,158
Sanguisorba_minor,Sanguisorba_minor,exisiting species in the megatree,159
Acaena_magellanica,Acaena_magellanica,exisiting species in the megatree,160
Rubus_praecox,Rubus_praecox,exisiting species in the megatree,161
Rubus_ulmifolius,Rubus_ulmifolius,exisiting species in the megatree,162
Rubus_cuneifolius,Rubus_cuneifolius,exisiting species in the megatree,163
Rubus_allegheniensis,Rubus_allegheniensis,exisiting species in the megatree,164
Rubus_flagellaris,Rubus_flagellaris,exisiting species in the megatree,165
Rubus_idaeus,Rubus_idaeus,exisiting species in the megatree,166
Rubus_occidentalis,Rubus_occidentalis,exisiting species in the megatree,167
Rubus_chamaemorus,Rubus_chamaemorus,exisiting species in the megatree,168
Geum_triflorum,Geum_triflorum,exisiting species in the megatree,169
Filipendula_vulgaris,Filipendula_vulgaris,exisiting species in the megatree,170
Purshia_tridentata,Purshia_tridentata,exisiting species in the megatree,171
Crataegus_monogyna,Crataegus_monogyna,exisiting species in the megatree,172
Crataegus_laevigata,Crataegus_laevigata,exisiting species in the megatree,173
Crataegus_submollis,Crataegus_submollis,exisiting species in the megatree,174
Crataegus_germanica,Crataegus_germanica,grafted at genus level,175
Crataegus_rhipidophylla,Crataegus_rhipidophylla,grafted at genus level,176
Malus_sylvestris,Malus_sylvestris,exisiting species in the megatree,177
Sorbus_americana,Sorbus_americana,exisiting species in the megatree,178
Sorbus_aucuparia,Sorbus_aucuparia,exisiting species in the megatree,179
Amelanchier_ovalis,Amelanchier_ovalis,exisiting species in the megatree,180
Amelanchier_arborea,Amelanchier_arborea,exisiting species in the megatree,181
Amelanchier_lamarckii,Amelanchier_lamarckii,exisiting species in the megatree,182
Spiraea_crenata,Spiraea_crenata,exisiting species in the megatree,183
Spiraea_alba,Spiraea_alba,grafted at genus level,184
Prunus_cerasus,Prunus_cerasus,exisiting species in the megatree,185
Prunus_avium,Prunus_avium,exisiting species in the megatree,186
Prunus_pensylvanica,Prunus_pensylvanica,exisiting species in the megatree,187
Prunus_mahaleb,Prunus_mahaleb,exisiting species in the megatree,188
Prunus_spinosa,Prunus_spinosa,exisiting species in the megatree,189
Prunus_cerasifera,Prunus_cerasifera,exisiting species in the megatree,190
Prunus_domestica,Prunus_domestica,exisiting species in the megatree,191
Prunus_americana,Prunus_americana,exisiting species in the megatree,192
Prunus_lusitanica,Prunus_lusitanica,exisiting species in the megatree,193
Prunus_laurocerasus,Prunus_laurocerasus,exisiting species in the megatree,194
Prunus_virginiana,Prunus_virginiana,exisiting species in the megatree,195
Prunus_spinosissima,Prunus_spinosissima,grafted at genus level,196
Ficus_carica,Ficus_carica,exisiting species in the megatree,197
Ficus_religiosa,Ficus_religiosa,exisiting species in the megatree,198
Ficus_pertusa,Ficus_pertusa,exisiting species in the megatree,199
Ficus_crassinervia,Ficus_crassinervia,grafted at genus level,200
Brosimum_guianense,Brosimum_guianense,exisiting species in the megatree,201
Brosimum_utile,Brosimum_utile,grafted at genus level,202
Trilepisium_madagascariense,Trilepisium_madagascariense,grafted at family level,203
Cecropia_pachystachya,Cecropia_pachystachya,grafted at genus level,204
Musanga_cecropioides,Musanga_cecropioides,exisiting species in the megatree,205
Pilea_ovalis,Pilea_ovalis,grafted at genus level,206
Celtis_iguanaea,Celtis_iguanaea,exisiting species in the megatree,207
Celtis_occidentalis,Celtis_occidentalis,exisiting species in the megatree,208
Celtis_australis,Celtis_australis,grafted at genus level,209
Cannabis_sativa,Cannabis_sativa,exisiting species in the megatree,210
Ulmus_americana,Ulmus_americana,exisiting species in the megatree,211
Ulmus_laevis,Ulmus_laevis,exisiting species in the megatree,212
Ulmus_minor,Ulmus_minor,exisiting species in the megatree,213
Ulmus_rubra,Ulmus_rubra,exisiting species in the megatree,214
Rhamnus_cathartica,Rhamnus_cathartica,exisiting species in the megatree,215
Rhamnus_saxatilis,Rhamnus_saxatilis,exisiting species in the megatree,216
Rhamnus_alaternus,Rhamnus_alaternus,exisiting species in the megatree,217
Frangula_alnus,Frangula_alnus,exisiting species in the megatree,218
Ostrya_virginiana,Ostrya_virginiana,exisiting species in the megatree,219
Ostrya_carpinifolia,Ostrya_carpinifolia,exisiting species in the megatree,220
Carpinus_caroliniana,Carpinus_caroliniana,exisiting species in the megatree,221
Carpinus_betulus,Carpinus_betulus,exisiting species in the megatree,222
Corylus_cornuta,Corylus_cornuta,exisiting species in the megatree,223
Corylus_americana,Corylus_americana,exisiting species in the megatree,224
Corylus_avellana,Corylus_avellana,exisiting species in the megatree,225
Betula_alleghaniensis,Betula_alleghaniensis,exisiting species in the megatree,226
Betula_papyrifera,Betula_papyrifera,exisiting species in the megatree,227
Betula_pubescens,Betula_pubescens,exisiting species in the megatree,228
Alnus_glutinosa,Alnus_glutinosa,exisiting species in the megatree,229
Alnus_incana,Alnus_incana,exisiting species in the megatree,230
Alnus_cordata,Alnus_cordata,exisiting species in the megatree,231
Alnus_alnobetula,Alnus_alnobetula,exisiting species in the megatree,232
Alnus_serrulata,Alnus_serrulata,grafted at genus level,233
Allocasuarina_torulosa,Allocasuarina_torulosa,exisiting species in the megatree,234
Allocasuarina_littoralis,Allocasuarina_littoralis,exisiting species in the megatree,235
Casuarina_pauper,Casuarina_pauper,exisiting species in the megatree,236
Myrica_gale,Myrica_gale,exisiting species in the megatree,237
Carya_glabra,Carya_glabra,exisiting species in the megatree,238
Carya_cordiformis,Carya_cordiformis,exisiting species in the megatree,239
Carya_ovata,Carya_ovata,exisiting species in the megatree,240
Juglans_californica,Juglans_californica,exisiting species in the megatree,241
Quercus_stellata,Quercus_stellata,exisiting species in the megatree,242
Quercus_alba,Quercus_alba,exisiting species in the megatree,243
Quercus_lobata,Quercus_lobata,exisiting species in the megatree,244
Quercus_muehlenbergii,Quercus_muehlenbergii,exisiting species in the megatree,245
Quercus_pyrenaica,Quercus_pyrenaica,exisiting species in the megatree,246
Quercus_petraea,Quercus_petraea,exisiting species in the megatree,247
Quercus_suber,Quercus_suber,exisiting species in the megatree,248
Quercus_coccifera,Quercus_coccifera,exisiting species in the megatree,249
Quercus_velutina,Quercus_velutina,exisiting species in the megatree,250
Quercus_ellipsoidalis,Quercus_ellipsoidalis,exisiting species in the megatree,251
Quercus_rubra,Quercus_rubra,exisiting species in the megatree,252
Quercus_marilandica,Quercus_marilandica,exisiting species in the megatree,253
Quercus_robur,Quercus_robur,grafted at genus level,254
Quercus_pubescens,Quercus_pubescens,grafted at genus level,255
Quercus_margaretiae,Quercus_margaretiae,grafted at genus level,256
Quercus_douglasii,Quercus_douglasii,grafted at genus level,257
Castanea_sativa,Castanea_sativa,exisiting species in the megatree,258
Fagus_grandifolia,Fagus_grandifolia,grafted at genus level,259
Fagus_sylvatica,Fagus_sylvatica,grafted at genus level,260
Coccinia_grandis,Coccinia_grandis,exisiting species in the megatree,261
Melothria_pendula,Melothria_pendula,exisiting species in the megatree,262
Cucurbita_pepo,Cucurbita_pepo,exisiting species in the megatree,263
Sicyos_angulatus,Sicyos_angulatus,exisiting species in the megatree,264
Bryonia_alba,Bryonia_alba,exisiting species in the megatree,265
Salix_repens,Salix_repens,exisiting species in the megatree,266
Salix_lanata,Salix_lanata,exisiting species in the megatree,267
Salix_discolor,Salix_discolor,exisiting species in the megatree,268
Salix_helvetica,Salix_helvetica,exisiting species in the megatree,269
Salix_alba,Salix_alba,exisiting species in the megatree,270
Salix_starkeana,Salix_starkeana,grafted at genus level,271
Salix_phylicifolia,Salix_phylicifolia,grafted at genus level,272
Populus_tremuloides,Populus_tremuloides,exisiting species in the megatree,273
Populus_nigra,Populus_nigra,exisiting species in the megatree,274
Populus_balsamifera,Populus_balsamifera,exisiting species in the megatree,275
Passiflora_vitifolia,Passiflora_vitifolia,exisiting species in the megatree,276
Viola_tricolor,Viola_tricolor,exisiting species in the megatree,277
Viola_arvensis,Viola_arvensis,exisiting species in the megatree,278
Viola_odorata,Viola_odorata,exisiting species in the megatree,279
Viola_pedata,Viola_pedata,exisiting species in the megatree,280
Viola_hederacea,Viola_hederacea,grafted at genus level,281
Hypericum_humifusum,Hypericum_humifusum,exisiting species in the megatree,282
Hypericum_pulchrum,Hypericum_pulchrum,exisiting species in the megatree,283
Hypericum_tetrapterum,Hypericum_tetrapterum,exisiting species in the megatree,284
Hypericum_calycinum,Hypericum_calycinum,exisiting species in the megatree,285
Garcinia_spicata,Garcinia_spicata,exisiting species in the megatree,286
Calophyllum_brasiliense,Calophyllum_brasiliense,exisiting species in the megatree,287
Malpighia_glabra,Malpighia_glabra,exisiting species in the megatree,288
Euphorbia_amygdaloides,Euphorbia_amygdaloides,exisiting species in the megatree,289
Euphorbia_characias,Euphorbia_characias,exisiting species in the megatree,290
Euphorbia_peplus,Euphorbia_peplus,exisiting species in the megatree,291
Euphorbia_cyparissias,Euphorbia_cyparissias,exisiting species in the megatree,292
Euphorbia_serrata,Euphorbia_serrata,exisiting species in the megatree,293
Euphorbia_myrsinites,Euphorbia_myrsinites,exisiting species in the megatree,294
Euphorbia_seguieriana,Euphorbia_seguieriana,exisiting species in the megatree,295
Euphorbia_dulcis,Euphorbia_dulcis,exisiting species in the megatree,296
Euphorbia_epithymoides,Euphorbia_epithymoides,exisiting species in the megatree,297
Euphorbia_helioscopia,Euphorbia_helioscopia,exisiting species in the megatree,298
Euphorbia_lathyris,Euphorbia_lathyris,exisiting species in the megatree,299
Euphorbia_nutans,Euphorbia_nutans,exisiting species in the megatree,300
Euphorbia_maculata,Euphorbia_maculata,exisiting species in the megatree,301
Euphorbia_marginata,Euphorbia_marginata,exisiting species in the megatree,302
Hura_crepitans,Hura_crepitans,exisiting species in the megatree,303
Sapium_glandulosum,Sapium_glandulosum,exisiting species in the megatree,304
Mercurialis_annua,Mercurialis_annua,exisiting species in the megatree,305
Linum_narbonense,Linum_narbonense,exisiting species in the megatree,306
Linum_usitatissimum,Linum_usitatissimum,exisiting species in the megatree,307
Linum_lewisii,Linum_lewisii,exisiting species in the megatree,308
Ochna_serrulata,Ochna_serrulata,exisiting species in the megatree,309
Oxalis_violacea,Oxalis_violacea,grafted at genus level,310
Oxalis_obliquifolia,Oxalis_obliquifolia,grafted at genus level,311
Oxalis_corniculata,Oxalis_corniculata,grafted at genus level,312
Oxalis_alpina,Oxalis_alpina,grafted at genus level,313
Averrhoa_carambola,Averrhoa_carambola,exisiting species in the megatree,314
Ceratopetalum_gummiferum,Ceratopetalum_gummiferum,exisiting species in the megatree,315
Euonymus_fortunei,Euonymus_fortunei,exisiting species in the megatree,316
Euonymus_europaeus,Euonymus_europaeus,exisiting species in the megatree,317
Euonymus_japonicus,Euonymus_japonicus,exisiting species in the megatree,318
Parnassia_palustris,Parnassia_palustris,exisiting species in the megatree,319
Brassica_rapa,Brassica_rapa,exisiting species in the megatree,320
Brassica_napus,Brassica_napus,exisiting species in the megatree,321
Brassica_oleracea,Brassica_oleracea,exisiting species in the megatree,322
Rapistrum_rugosum,Rapistrum_rugosum,exisiting species in the megatree,323
Raphanus_raphanistrum,Raphanus_raphanistrum,exisiting species in the megatree,324
Diplotaxis_muralis,Diplotaxis_muralis,grafted at genus level,325
Eruca_vesicaria,Eruca_vesicaria,exisiting species in the megatree,326
Sinapis_alba,Sinapis_alba,exisiting species in the megatree,327
Sisymbrium_altissimum,Sisymbrium_altissimum,exisiting species in the megatree,328
Sisymbrium_orientale,Sisymbrium_orientale,exisiting species in the megatree,329
Alliaria_petiolata,Alliaria_petiolata,exisiting species in the megatree,330
Iberis_umbellata,Iberis_umbellata,exisiting species in the megatree,331
Iberis_sempervirens,Iberis_sempervirens,exisiting species in the megatree,332
Arabis_alpina,Arabis_alpina,exisiting species in the megatree,333
Arabis_caerulea,Arabis_caerulea,exisiting species in the megatree,334
Arabis_collina,Arabis_collina,exisiting species in the megatree,335
Lunaria_annua,Lunaria_annua,exisiting species in the megatree,336
Alyssum_alyssoides,Alyssum_alyssoides,exisiting species in the megatree,337
Alyssum_montanum,Alyssum_montanum,exisiting species in the megatree,338
Aurinia_saxatilis,Aurinia_saxatilis,exisiting species in the megatree,339
Hesperis_matronalis,Hesperis_matronalis,exisiting species in the megatree,340
Matthiola_incana,Matthiola_incana,exisiting species in the megatree,341
Rorippa_sylvestris,Rorippa_sylvestris,exisiting species in the megatree,342
Armoracia_rusticana,Armoracia_rusticana,exisiting species in the megatree,343
Nasturtium_officinale,Nasturtium_officinale,exisiting species in the megatree,344
Cardamine_flexuosa,Cardamine_flexuosa,exisiting species in the megatree,345
Capsella_bursa-pastoris,Capsella_bursa-pastoris,exisiting species in the megatree,346
Arabidopsis_lyrata,Arabidopsis_lyrata,exisiting species in the megatree,347
Erysimum_cheiri,Erysimum_cheiri,exisiting species in the megatree,348
Lepidium_densiflorum,Lepidium_densiflorum,exisiting species in the megatree,349
Lepidium_sativum,Lepidium_sativum,exisiting species in the megatree,350
Lepidium_virginicum,Lepidium_virginicum,exisiting species in the megatree,351
Lepidium_didymum,Lepidium_didymum,exisiting species in the megatree,352
Lepidium_coronopus,Lepidium_coronopus,exisiting species in the megatree,353
Lepidium_campestre,Lepidium_campestre,exisiting species in the megatree,354
Aethionema_saxatile,Aethionema_saxatile,exisiting species in the megatree,355
Rhamphospermum_arvense,Rhamphospermum_arvense,grafted at family level,356
Reseda_lutea,Reseda_lutea,exisiting species in the megatree,357
Reseda_alba,Reseda_alba,exisiting species in the megatree,358
Tropaeolum_majus,Tropaeolum_majus,exisiting species in the megatree,359
Malva_moschata,Malva_moschata,exisiting species in the megatree,360
Malva_alcea,Malva_alcea,exisiting species in the megatree,361
Althaea_officinalis,Althaea_officinalis,exisiting species in the megatree,362
Sida_linifolia,Sida_linifolia,grafted at genus level,363
Abutilon_theophrasti,Abutilon_theophrasti,exisiting species in the megatree,364
Ceiba_speciosa,Ceiba_speciosa,exisiting species in the megatree,365
Ceiba_pentandra,Ceiba_pentandra,exisiting species in the megatree,366
Bombax_ceiba,Bombax_ceiba,exisiting species in the megatree,367
Ochroma_pyramidale,Ochroma_pyramidale,exisiting species in the megatree,368
Tilia_platyphyllos,Tilia_platyphyllos,exisiting species in the megatree,369
Tilia_cordata,Tilia_cordata,exisiting species in the megatree,370
Tilia_americana,Tilia_americana,exisiting species in the megatree,371
Sterculia_apetala,Sterculia_apetala,exisiting species in the megatree,372
Brachychiton_populneus,Brachychiton_populneus,exisiting species in the megatree,373
Theobroma_cacao,Theobroma_cacao,exisiting species in the megatree,374
Guazuma_ulmifolia,Guazuma_ulmifolia,exisiting species in the megatree,375
Cistus_salviifolius,Cistus_salviifolius,exisiting species in the megatree,376
Cistus_ladanifer,Cistus_ladanifer,exisiting species in the megatree,377
Cistus_monspeliensis,Cistus_monspeliensis,grafted at genus level,378
Cistus_laurifolius,Cistus_laurifolius,grafted at genus level,379
Cistus_crispus,Cistus_crispus,grafted at genus level,380
Cistus_albidus,Cistus_albidus,grafted at genus level,381
Cistus_creticus,Cistus_creticus,exisiting species in the megatree,382
Helianthemum_nummularium,Helianthemum_nummularium,exisiting species in the megatree,383
Helianthemum_salicifolium,Helianthemum_salicifolium,grafted at genus level,384
Helianthemum_syriacum,Helianthemum_syriacum,grafted at genus level,385
Helianthemum_apenninum,Helianthemum_apenninum,grafted at genus level,386
Neobalanocarpus_heimii,Neobalanocarpus_heimii,exisiting species in the megatree,387
Cochlospermum_regium,Cochlospermum_regium,grafted at genus level,388
Daphne_laureola,Daphne_laureola,exisiting species in the megatree,389
Daphne_mezereum,Daphne_mezereum,exisiting species in the megatree,390
Acer_campestre,Acer_campestre,exisiting species in the megatree,391
Acer_platanoides,Acer_platanoides,exisiting species in the megatree,392
Acer_pensylvanicum,Acer_pensylvanicum,exisiting species in the megatree,393
Acer_spicatum,Acer_spicatum,exisiting species in the megatree,394
Acer_negundo,Acer_negundo,exisiting species in the megatree,395
Acer_opalus,Acer_opalus,exisiting species in the megatree,396
Acer_monspessulanum,Acer_monspessulanum,exisiting species in the megatree,397
Acer_saccharum,Acer_saccharum,exisiting species in the megatree,398
Acer_pseudoplatanus,Acer_pseudoplatanus,exisiting species in the megatree,399
Aesculus_hippocastanum,Aesculus_hippocastanum,exisiting species in the megatree,400
Aesculus_californica,Aesculus_californica,exisiting species in the megatree,401
Sapindus_saponaria,Sapindus_saponaria,exisiting species in the megatree,402
Nephelium_lappaceum,Nephelium_lappaceum,exisiting species in the megatree,403
Carapa_procera,Carapa_procera,exisiting species in the megatree,404
Carapa_guianensis,Carapa_guianensis,exisiting species in the megatree,405
Swietenia_macrophylla,Swietenia_macrophylla,exisiting species in the megatree,406
Cedrela_odorata,Cedrela_odorata,exisiting species in the megatree,407
Guarea_guidonia,Guarea_guidonia,exisiting species in the megatree,408
Quassia_amara,Quassia_amara,exisiting species in the megatree,409
Zanthoxylum_americanum,Zanthoxylum_americanum,grafted at genus level,410
Eriostemon_australasius,Eriostemon_australasius,exisiting species in the megatree,411
Geijera_parviflora,Geijera_parviflora,grafted at genus level,412
Ruta_graveolens,Ruta_graveolens,exisiting species in the megatree,413
Rhus_glabra,Rhus_glabra,exisiting species in the megatree,414
Rhus_typhina,Rhus_typhina,exisiting species in the megatree,415
Rhus_copallinum,Rhus_copallinum,exisiting species in the megatree,416
Pistacia_terebinthus,Pistacia_terebinthus,exisiting species in the megatree,417
Pistacia_lentiscus,Pistacia_lentiscus,exisiting species in the megatree,418
Schinopsis_lorentzii,Schinopsis_lorentzii,grafted at genus level,419
Anacardium_occidentale,Anacardium_occidentale,exisiting species in the megatree,420
Tapirira_guianensis,Tapirira_guianensis,exisiting species in the megatree,421
Sclerocarya_birrea,Sclerocarya_birrea,exisiting species in the megatree,422
Pentaspadon_motleyi,Pentaspadon_motleyi,grafted at genus level,423
Spondias_mombin,Spondias_mombin,exisiting species in the megatree,424
Myracrodruon_urundeuva,Myracrodruon_urundeuva,grafted at family level,425
Bursera_simaruba,Bursera_simaruba,exisiting species in the megatree,426
Pachylobus_edulis,Pachylobus_edulis,grafted at family level,427
Staphylea_pinnata,Staphylea_pinnata,exisiting species in the megatree,428
Eucalyptus_tenuiramis,Eucalyptus_tenuiramis,exisiting species in the megatree,429
Eucalyptus_haemastoma,Eucalyptus_haemastoma,exisiting species in the megatree,430
Eucalyptus_amygdalina,Eucalyptus_amygdalina,exisiting species in the megatree,431
Eucalyptus_acmenoides,Eucalyptus_acmenoides,exisiting species in the megatree,432
Eucalyptus_umbra,Eucalyptus_umbra,exisiting species in the megatree,433
Eucalyptus_crebra,Eucalyptus_crebra,exisiting species in the megatree,434
Eucalyptus_intertexta,Eucalyptus_intertexta,exisiting species in the megatree,435
Eucalyptus_dumosa,Eucalyptus_dumosa,exisiting species in the megatree,436
Eucalyptus_platyphylla,Eucalyptus_platyphylla,exisiting species in the megatree,437
Eucalyptus_miniata,Eucalyptus_miniata,exisiting species in the megatree,438
Eucalyptus_tetrodonta,Eucalyptus_tetrodonta,exisiting species in the megatree,439
Eucalyptus_socialis,Eucalyptus_socialis,grafted at genus level,440
Eucalyptus_rubida,Eucalyptus_rubida,grafted at genus level,441
Eucalyptus_punctata,Eucalyptus_punctata,grafted at genus level,442
Eucalyptus_pauciflora,Eucalyptus_pauciflora,grafted at genus level,443
Eucalyptus_fibrosa,Eucalyptus_fibrosa,grafted at genus level,444
Corymbia_gummifera,Corymbia_gummifera,exisiting species in the megatree,445
Corymbia_citriodora,Corymbia_citriodora,exisiting species in the megatree,446
Corymbia_bleeseri,Corymbia_bleeseri,exisiting species in the megatree,447
Angophora_costata,Angophora_costata,exisiting species in the megatree,448
Corymbia_setosa,Corymbia_setosa,grafted at genus level,449
Corymbia_intermedia,Corymbia_intermedia,grafted at genus level,450
Syncarpia_glomulifera,Syncarpia_glomulifera,exisiting species in the megatree,451
Leptospermum_scoparium,Leptospermum_scoparium,exisiting species in the megatree,452
Psidium_guineense,Psidium_guineense,exisiting species in the megatree,453
Psidium_guajava,Psidium_guajava,exisiting species in the megatree,454
Myrtus_communis,Myrtus_communis,exisiting species in the megatree,455
Syzygium_malaccense,Syzygium_malaccense,exisiting species in the megatree,456
Melaleuca_viridiflora,Melaleuca_viridiflora,exisiting species in the megatree,457
Melaleuca_uncinata,Melaleuca_uncinata,grafted at genus level,458
Melaleuca_pallida,Melaleuca_pallida,grafted at genus level,459
Plinia_cauliflora,Plinia_cauliflora,grafted at family level,460
Miconia_impetiolaris,Miconia_impetiolaris,exisiting species in the megatree,461
Oenothera_macrocarpa,Oenothera_macrocarpa,exisiting species in the megatree,462
Oenothera_perennis,Oenothera_perennis,exisiting species in the megatree,463
Oenothera_rosea,Oenothera_rosea,exisiting species in the megatree,464
Oenothera_glazioviana,Oenothera_glazioviana,exisiting species in the megatree,465
Oenothera_biennis,Oenothera_biennis,exisiting species in the megatree,466
Oenothera_parviflora,Oenothera_parviflora,grafted at genus level,467
Oenothera_oakesiana,Oenothera_oakesiana,grafted at genus level,468
Oenothera_gaura,Oenothera_gaura,grafted at genus level,469
Ludwigia_palustris,Ludwigia_palustris,exisiting species in the megatree,470
Ammannia_coccinea,Ammannia_coccinea,grafted at genus level,471
Geranium_sanguineum,Geranium_sanguineum,exisiting species in the megatree,472
Geranium_sylvaticum,Geranium_sylvaticum,exisiting species in the megatree,473
Geranium_palustre,Geranium_palustre,exisiting species in the megatree,474
Geranium_dissectum,Geranium_dissectum,exisiting species in the megatree,475
Geranium_molle,Geranium_molle,exisiting species in the megatree,476
Geranium_maculatum,Geranium_maculatum,exisiting species in the megatree,477
Geranium_columbinum,Geranium_columbinum,exisiting species in the megatree,478
Geranium_pusillum,Geranium_pusillum,exisiting species in the megatree,479
Geranium_pyrenaicum,Geranium_pyrenaicum,exisiting species in the megatree,480
Geranium_phaeum,Geranium_phaeum,exisiting species in the megatree,481
Vitis_rotundifolia,Vitis_rotundifolia,exisiting species in the megatree,482
Vitis_vinifera,Vitis_vinifera,exisiting species in the megatree,483
Vitis_labrusca,Vitis_labrusca,exisiting species in the megatree,484
Vitis_vulpina,Vitis_vulpina,exisiting species in the megatree,485
Parthenocissus_quinquefolia,Parthenocissus_quinquefolia,exisiting species in the megatree,486
Cissus_quadrangularis,Cissus_quadrangularis,exisiting species in the megatree,487
Cissus_alata,Cissus_alata,exisiting species in the megatree,488
Sedum_album,Sedum_album,exisiting species in the megatree,489
Sedum_dasyphyllum,Sedum_dasyphyllum,exisiting species in the megatree,490
Sedum_hispanicum,Sedum_hispanicum,exisiting species in the megatree,491
Sedum_lanceolatum,Sedum_lanceolatum,exisiting species in the megatree,492
Sedum_sexangulare,Sedum_sexangulare,exisiting species in the megatree,493
Sedum_anglicum,Sedum_anglicum,exisiting species in the megatree,494
Sedum_acre,Sedum_acre,exisiting species in the megatree,495
Sempervivum_montanum,Sempervivum_montanum,exisiting species in the megatree,496
Sempervivum_tectorum,Sempervivum_tectorum,exisiting species in the megatree,497
Sempervivum_globiferum,Sempervivum_globiferum,exisiting species in the megatree,498
Phedimus_stevenianus,Phedimus_stevenianus,grafted at genus level,499
Phedimus_spurius,Phedimus_spurius,grafted at genus level,500
Hylotelephium_telephium,Hylotelephium_telephium,grafted at genus level,501
Umbilicus_rupestris,Umbilicus_rupestris,exisiting species in the megatree,502
Petrosedum_rupestre,Petrosedum_rupestre,grafted at family level,503
Petrosedum_sediforme,Petrosedum_sediforme,grafted at family level,504
Myriophyllum_aquaticum,Myriophyllum_aquaticum,exisiting species in the megatree,505
Tiarella_cordifolia,Tiarella_cordifolia,exisiting species in the megatree,506
Tellima_grandiflora,Tellima_grandiflora,exisiting species in the megatree,507
Micranthes_stellaris,Micranthes_stellaris,grafted at genus level,508
Saxifraga_rotundifolia,Saxifraga_rotundifolia,exisiting species in the megatree,509
Saxifraga_paniculata,Saxifraga_paniculata,exisiting species in the megatree,510
Saxifraga_granulata,Saxifraga_granulata,exisiting species in the megatree,511
Ribes_alpinum,Ribes_alpinum,exisiting species in the megatree,512
Ribes_nigrum,Ribes_nigrum,exisiting species in the megatree,513
Ribes_rubrum,Ribes_rubrum,exisiting species in the megatree,514
Ribes_uva-crispa,Ribes_uva-crispa,exisiting species in the megatree,515
Ribes_aureum,Ribes_aureum,exisiting species in the megatree,516
Liquidambar_styraciflua,Liquidambar_styraciflua,exisiting species in the megatree,517
Hamamelis_virginiana,Hamamelis_virginiana,exisiting species in the megatree,518
Paeonia_officinalis,Paeonia_officinalis,exisiting species in the megatree,519
Symphyotrichum_cordifolium,Symphyotrichum_cordifolium,exisiting species in the megatree,520
Symphyotrichum_pilosum,Symphyotrichum_pilosum,exisiting species in the megatree,521
Symphyotrichum_ericoides,Symphyotrichum_ericoides,exisiting species in the megatree,522
Symphyotrichum_dumosum,Symphyotrichum_dumosum,exisiting species in the megatree,523
Symphyotrichum_novi-belgii,Symphyotrichum_novi-belgii,exisiting species in the megatree,524
Symphyotrichum_laeve,Symphyotrichum_laeve,exisiting species in the megatree,525
Symphyotrichum_novae-angliae,Symphyotrichum_novae-angliae,exisiting species in the megatree,526
Dieteria_canescens,Dieteria_canescens,exisiting species in the megatree,527
Grindelia_squarrosa,Grindelia_squarrosa,exisiting species in the megatree,528
Eurybia_macrophylla,Eurybia_macrophylla,exisiting species in the megatree,529
Heterotheca_villosa,Heterotheca_villosa,exisiting species in the megatree,530
Solidago_nemoralis,Solidago_nemoralis,exisiting species in the megatree,531
Solidago_flexicaulis,Solidago_flexicaulis,exisiting species in the megatree,532
Solidago_virgaurea,Solidago_virgaurea,exisiting species in the megatree,533
Solidago_rugosa,Solidago_rugosa,exisiting species in the megatree,534
Solidago_rigida,Solidago_rigida,exisiting species in the megatree,535
Solidago_canadensis,Solidago_canadensis,exisiting species in the megatree,536
Euthamia_graminifolia,Euthamia_graminifolia,exisiting species in the megatree,537
Erigeron_strigosus,Erigeron_strigosus,exisiting species in the megatree,538
Erigeron_annuus,Erigeron_annuus,exisiting species in the megatree,539
Erigeron_karvinskianus,Erigeron_karvinskianus,exisiting species in the megatree,540
Erigeron_speciosus,Erigeron_speciosus,exisiting species in the megatree,541
Erigeron_canadensis,Erigeron_canadensis,exisiting species in the megatree,542
Erigeron_bonariensis,Erigeron_bonariensis,exisiting species in the megatree,543
Doellingeria_umbellata,Doellingeria_umbellata,exisiting species in the megatree,544
Galatella_sedifolia,Galatella_sedifolia,exisiting species in the megatree,545
Brachyscome_scapigera,Brachyscome_scapigera,exisiting species in the megatree,546
Bellis_perennis,Bellis_perennis,exisiting species in the megatree,547
Anthemis_cotula,Anthemis_cotula,exisiting species in the megatree,548
Anthemis_ruthenica,Anthemis_ruthenica,grafted at genus level,549
Anthemis_arvensis,Anthemis_arvensis,exisiting species in the megatree,550
Tripleurospermum_maritimum,Tripleurospermum_maritimum,exisiting species in the megatree,551
Tanacetum_parthenium,Tanacetum_parthenium,exisiting species in the megatree,552
Tanacetum_bipinnatum,Tanacetum_bipinnatum,grafted at genus level,553
Tanacetum_corymbosum,Tanacetum_corymbosum,grafted at genus level,554
Achillea_erba-rotta,Achillea_erba-rotta,exisiting species in the megatree,555
Achillea_millefolium,Achillea_millefolium,exisiting species in the megatree,556
Achillea_ptarmica,Achillea_ptarmica,exisiting species in the megatree,557
Santolina_chamaecyparissus,Santolina_chamaecyparissus,grafted at genus level,558
Leucanthemum_vulgare,Leucanthemum_vulgare,exisiting species in the megatree,559
Glebionis_segetum,Glebionis_segetum,exisiting species in the megatree,560
Glebionis_coronaria,Glebionis_coronaria,exisiting species in the megatree,561
Artemisia_tridentata,Artemisia_tridentata,exisiting species in the megatree,562
Artemisia_sieversiana,Artemisia_sieversiana,exisiting species in the megatree,563
Cotula_coronopifolia,Cotula_coronopifolia,exisiting species in the megatree,564
Calendula_arvensis,Calendula_arvensis,exisiting species in the megatree,565
Calendula_officinalis,Calendula_officinalis,exisiting species in the megatree,566
Jacobaea_maritima,Jacobaea_maritima,exisiting species in the megatree,567
Jacobaea_aquatica,Jacobaea_aquatica,exisiting species in the megatree,568
Crassocephalum_crepidioides,Crassocephalum_crepidioides,exisiting species in the megatree,569
Senecio_vulgaris,Senecio_vulgaris,exisiting species in the megatree,570
Tephroseris_integrifolia,Tephroseris_integrifolia,exisiting species in the megatree,571
Ambrosia_psilostachya,Ambrosia_psilostachya,exisiting species in the megatree,572
Ambrosia_artemisiifolia,Ambrosia_artemisiifolia,exisiting species in the megatree,573
Ambrosia_trifida,Ambrosia_trifida,exisiting species in the megatree,574
Xanthium_spinosum,Xanthium_spinosum,grafted at genus level,575
Xanthium_strumarium,Xanthium_strumarium,exisiting species in the megatree,576
Helianthus_decapetalus,Helianthus_decapetalus,exisiting species in the megatree,577
Helianthus_tuberosus,Helianthus_tuberosus,exisiting species in the megatree,578
Helianthus_mollis,Helianthus_mollis,exisiting species in the megatree,579
Helianthus_hirsutus,Helianthus_hirsutus,exisiting species in the megatree,580
Helianthus_annuus,Helianthus_annuus,exisiting species in the megatree,581
Helianthella_quinquenervis,Helianthella_quinquenervis,grafted at genus level,582
Wyethia_sagittata,Wyethia_sagittata,grafted at genus level,583
Eupatorium_cannabinum,Eupatorium_cannabinum,exisiting species in the megatree,584
Eupatorium_perfoliatum,Eupatorium_perfoliatum,exisiting species in the megatree,585
Liatris_spicata,Liatris_spicata,exisiting species in the megatree,586
Eutrochium_maculatum,Eutrochium_maculatum,grafted at genus level,587
Brickellia_eupatorioides,Brickellia_eupatorioides,exisiting species in the megatree,588
Ageratina_altissima,Ageratina_altissima,grafted at genus level,589
Helenium_autumnale,Helenium_autumnale,exisiting species in the megatree,590
Galinsoga_quadriradiata,Galinsoga_quadriradiata,exisiting species in the megatree,591
Galinsoga_parviflora,Galinsoga_parviflora,exisiting species in the megatree,592
Coreopsis_tinctoria,Coreopsis_tinctoria,exisiting species in the megatree,593
Bidens_frondosa,Bidens_frondosa,exisiting species in the megatree,594
Cassinia_aculeata,Cassinia_aculeata,exisiting species in the megatree,595
Ozothamnus_rosmarinifolius,Ozothamnus_rosmarinifolius,grafted at genus level,596
Xerochrysum_bracteatum,Xerochrysum_bracteatum,exisiting species in the megatree,597
Craspedia_alba,Craspedia_alba,exisiting species in the megatree,598
Argyrotegium_mackayi,Argyrotegium_mackayi,exisiting species in the megatree,599
Helichrysum_italicum,Helichrysum_italicum,exisiting species in the megatree,600
Gamochaeta_purpurea,Gamochaeta_purpurea,grafted at genus level,601
Antennaria_alpina,Antennaria_alpina,grafted at genus level,602
Pulicaria_dysenterica,Pulicaria_dysenterica,exisiting species in the megatree,603
Buphthalmum_salicifolium,Buphthalmum_salicifolium,exisiting species in the megatree,604
Pentanema_ensifolium,Pentanema_ensifolium,grafted at genus level,605
Hypochaeris_radicata,Hypochaeris_radicata,exisiting species in the megatree,606
Hypochaeris_uniflora,Hypochaeris_uniflora,exisiting species in the megatree,607
Hypochaeris_glabra,Hypochaeris_glabra,exisiting species in the megatree,608
Hedypnois_rhagadioloides,Hedypnois_rhagadioloides,exisiting species in the megatree,609
Urospermum_picroides,Urospermum_picroides,exisiting species in the megatree,610
Taraxacum_campylodes,Taraxacum_campylodes,exisiting species in the megatree,611
Lapsana_communis,Lapsana_communis,exisiting species in the megatree,612
Chondrilla_juncea,Chondrilla_juncea,exisiting species in the megatree,613
Sonchus_asper,Sonchus_asper,exisiting species in the megatree,614
Sonchus_oleraceus,Sonchus_oleraceus,exisiting species in the megatree,615
Sonchus_arvensis,Sonchus_arvensis,exisiting species in the megatree,616
Reichardia_picroides,Reichardia_picroides,exisiting species in the megatree,617
Lactuca_virosa,Lactuca_virosa,exisiting species in the megatree,618
Pilosella_officinarum,Pilosella_officinarum,exisiting species in the megatree,619
Pilosella_aurantiaca,Pilosella_aurantiaca,exisiting species in the megatree,620
Hieracium_maculatum,Hieracium_maculatum,grafted at genus level,621
Cichorium_intybus,Cichorium_intybus,exisiting species in the megatree,622
Tragopogon_porrifolius,Tragopogon_porrifolius,exisiting species in the megatree,623
Catananche_caerulea,Catananche_caerulea,exisiting species in the megatree,624
Centaurea_jacea,Centaurea_jacea,exisiting species in the megatree,625
Centaurea_nigrescens,Centaurea_nigrescens,exisiting species in the megatree,626
Centaurea_scabiosa,Centaurea_scabiosa,exisiting species in the megatree,627
Centaurea_nigra,Centaurea_nigra,exisiting species in the megatree,628
Centaurea_diffusa,Centaurea_diffusa,exisiting species in the megatree,629
Centaurea_benedicta,Centaurea_benedicta,exisiting species in the megatree,630
Centaurea_melitensis,Centaurea_melitensis,exisiting species in the megatree,631
Centaurea_solstitialis,Centaurea_solstitialis,exisiting species in the megatree,632
Carthamus_tinctorius,Carthamus_tinctorius,exisiting species in the megatree,633
Carthamus_lanatus,Carthamus_lanatus,exisiting species in the megatree,634
Serratula_tinctoria,Serratula_tinctoria,grafted at genus level,635
Centaurea_triumfettii,Centaurea_triumfettii,grafted at genus level,636
Centaurea_cyanus,Centaurea_cyanus,grafted at genus level,637
Xeranthemum_annuum,Xeranthemum_annuum,exisiting species in the megatree,638
Xeranthemum_cylindraceum,Xeranthemum_cylindraceum,exisiting species in the megatree,639
Carduus_pycnocephalus,Carduus_pycnocephalus,exisiting species in the megatree,640
Cirsium_rivulare,Cirsium_rivulare,exisiting species in the megatree,641
Echinops_bannaticus,Echinops_bannaticus,exisiting species in the megatree,642
Zinnia_peruviana,Zinnia_peruviana,grafted at family level,643
Verbesina_alternifolia,Verbesina_alternifolia,grafted at family level,644
Silphium_integrifolium,Silphium_integrifolium,grafted at family level,645
Pseudopodospermum_hispanicum,Pseudopodospermum_hispanicum,grafted at family level,646
Rudbeckia_triloba,Rudbeckia_triloba,grafted at family level,647
Rudbeckia_laciniata,Rudbeckia_laciniata,grafted at family level,648
Rudbeckia_hirta,Rudbeckia_hirta,grafted at family level,649
Ratibida_pinnata,Ratibida_pinnata,grafted at family level,650
Kemulariella_caucasica,Kemulariella_caucasica,grafted at family level,651
Cyclachaena_xanthiifolia,Cyclachaena_xanthiifolia,grafted at family level,652
Heliopsis_helianthoides,Heliopsis_helianthoides,grafted at family level,653
Guizotia_abyssinica,Guizotia_abyssinica,grafted at family level,654
Cota_tinctoria,Cota_tinctoria,grafted at family level,655
Cota_austriaca,Cota_austriaca,grafted at family level,656
Conoclinium_coelestinum,Conoclinium_coelestinum,grafted at family level,657
Archanthemis_marschalliana,Archanthemis_marschalliana,grafted at family level,658
Campanula_trachelium,Campanula_trachelium,exisiting species in the megatree,659
Campanula_rapunculoides,Campanula_rapunculoides,exisiting species in the megatree,660
Campanula_latifolia,Campanula_latifolia,exisiting species in the megatree,661
Campanula_erinus,Campanula_erinus,exisiting species in the megatree,662
Campanula_patula,Campanula_patula,exisiting species in the megatree,663
Campanula_rapunculus,Campanula_rapunculus,exisiting species in the megatree,664
Campanula_cochleariifolia,Campanula_cochleariifolia,exisiting species in the megatree,665
Campanula_persicifolia,Campanula_persicifolia,exisiting species in the megatree,666
Phyteuma_scheuchzeri,Phyteuma_scheuchzeri,exisiting species in the megatree,667
Phyteuma_orbiculare,Phyteuma_orbiculare,exisiting species in the megatree,668
Physoplexis_comosa,Physoplexis_comosa,exisiting species in the megatree,669
Jasione_montana,Jasione_montana,exisiting species in the megatree,670
Lobelia_cardinalis,Lobelia_cardinalis,exisiting species in the megatree,671
Lobelia_dortmanna,Lobelia_dortmanna,exisiting species in the megatree,672
Lobelia_inflata,Lobelia_inflata,grafted at genus level,673
Triodanis_perfoliata,Triodanis_perfoliata,grafted at family level,674
Campanulastrum_americanum,Campanulastrum_americanum,grafted at family level,675
Peucedanum_ostruthium,Peucedanum_ostruthium,exisiting species in the megatree,676
Trinia_glauca,Trinia_glauca,grafted at genus level,677
Angelica_archangelica,Angelica_archangelica,exisiting species in the megatree,678
Pastinaca_sativa,Pastinaca_sativa,exisiting species in the megatree,679
Coriandrum_sativum,Coriandrum_sativum,exisiting species in the megatree,680
Silaum_silaus,Silaum_silaus,exisiting species in the megatree,681
Levisticum_officinale,Levisticum_officinale,exisiting species in the megatree,682
Foeniculum_vulgare,Foeniculum_vulgare,exisiting species in the megatree,683
Ammi_majus,Ammi_majus,exisiting species in the megatree,684
Apium_graveolens,Apium_graveolens,exisiting species in the megatree,685
Conium_maculatum,Conium_maculatum,exisiting species in the megatree,686
Pimpinella_saxifraga,Pimpinella_saxifraga,exisiting species in the megatree,687
Aegopodium_podagraria,Aegopodium_podagraria,exisiting species in the megatree,688
Orlaya_grandiflora,Orlaya_grandiflora,exisiting species in the megatree,689
Daucus_carota,Daucus_carota,exisiting species in the megatree,690
Anthriscus_cerefolium,Anthriscus_cerefolium,exisiting species in the megatree,691
Bupleurum_rotundifolium,Bupleurum_rotundifolium,exisiting species in the megatree,692
Eryngium_maritimum,Eryngium_maritimum,exisiting species in the megatree,693
Eryngium_campestre,Eryngium_campestre,exisiting species in the megatree,694
Eryngium_yuccifolium,Eryngium_yuccifolium,exisiting species in the megatree,695
Astrantia_major,Astrantia_major,exisiting species in the megatree,696
Astrantia_minor,Astrantia_minor,grafted at genus level,697
Actinotus_helianthi,Actinotus_helianthi,exisiting species in the megatree,698
Anethum_graveolens,Anethum_graveolens,grafted at family level,699
Schefflera_digitata,Schefflera_digitata,exisiting species in the megatree,700
Hedera_helix,Hedera_helix,exisiting species in the megatree,701
Hydrocotyle_vulgaris,Hydrocotyle_vulgaris,exisiting species in the megatree,702
Pittosporum_tobira,Pittosporum_tobira,exisiting species in the megatree,703
Pittosporum_eugenioides,Pittosporum_eugenioides,exisiting species in the megatree,704
Pittosporum_undulatum,Pittosporum_undulatum,exisiting species in the megatree,705
Pittosporum_tenuifolium,Pittosporum_tenuifolium,exisiting species in the megatree,706
Griselinia_littoralis,Griselinia_littoralis,exisiting species in the megatree,707
Dipsacus_sativus,Dipsacus_sativus,exisiting species in the megatree,708
Dipsacus_fullonum,Dipsacus_fullonum,exisiting species in the megatree,709
Dipsacus_pilosus,Dipsacus_pilosus,exisiting species in the megatree,710
Succisa_pratensis,Succisa_pratensis,exisiting species in the megatree,711
Lomelosia_caucasica,Lomelosia_caucasica,exisiting species in the megatree,712
Lomelosia_graminifolia,Lomelosia_graminifolia,grafted at genus level,713
Scabiosa_atropurpurea,Scabiosa_atropurpurea,exisiting species in the megatree,714
Scabiosa_columbaria,Scabiosa_columbaria,exisiting species in the megatree,715
Valeriana_montana,Valeriana_montana,exisiting species in the megatree,716
Valeriana_locusta,Valeriana_locusta,grafted at genus level,717
Valeriana_wolgensis,Valeriana_wolgensis,grafted at genus level,718
Valeriana_rubra,Valeriana_rubra,grafted at genus level,719
Lonicera_etrusca,Lonicera_etrusca,exisiting species in the megatree,720
Lonicera_caprifolium,Lonicera_caprifolium,exisiting species in the megatree,721
Lonicera_implexa,Lonicera_implexa,exisiting species in the megatree,722
Lonicera_periclymenum,Lonicera_periclymenum,exisiting species in the megatree,723
Lonicera_floribunda,Lonicera_floribunda,exisiting species in the megatree,724
Lonicera_xylosteum,Lonicera_xylosteum,exisiting species in the megatree,725
Lonicera_involucrata,Lonicera_involucrata,exisiting species in the megatree,726
Lonicera_canadensis,Lonicera_canadensis,exisiting species in the megatree,727
Symphoricarpos_albus,Symphoricarpos_albus,exisiting species in the megatree,728
Diervilla_lonicera,Diervilla_lonicera,exisiting species in the megatree,729
Viburnum_acerifolium,Viburnum_acerifolium,exisiting species in the megatree,730
Viburnum_tinus,Viburnum_tinus,exisiting species in the megatree,731
Viburnum_opulus,Viburnum_opulus,exisiting species in the megatree,732
Viburnum_rufidulum,Viburnum_rufidulum,exisiting species in the megatree,733
Viburnum_lantana,Viburnum_lantana,exisiting species in the megatree,734
Sambucus_nigra,Sambucus_nigra,exisiting species in the megatree,735
Sambucus_racemosa,Sambucus_racemosa,exisiting species in the megatree,736
Sambucus_ebulus,Sambucus_ebulus,exisiting species in the megatree,737
Ilex_paraguariensis,Ilex_paraguariensis,exisiting species in the megatree,738
Ilex_glabra,Ilex_glabra,exisiting species in the megatree,739
Ilex_aquifolium,Ilex_aquifolium,exisiting species in the megatree,740
Mentha_aquatica,Mentha_aquatica,exisiting species in the megatree,741
Mentha_arvensis,Mentha_arvensis,exisiting species in the megatree,742
Mentha_pulegium,Mentha_pulegium,exisiting species in the megatree,743
Mentha_spicata,Mentha_spicata,exisiting species in the megatree,744
Mentha_suaveolens,Mentha_suaveolens,exisiting species in the megatree,745
Clinopodium_nepeta,Clinopodium_nepeta,exisiting species in the megatree,746
Clinopodium_vulgare,Clinopodium_vulgare,exisiting species in the megatree,747
Monarda_fistulosa,Monarda_fistulosa,exisiting species in the megatree,748
Monarda_punctata,Monarda_punctata,grafted at genus level,749
Ziziphora_clinopodioides,Ziziphora_clinopodioides,exisiting species in the megatree,750
Satureja_montana,Satureja_montana,exisiting species in the megatree,751
Satureja_hortensis,Satureja_hortensis,exisiting species in the megatree,752
Thymus_serpyllum,Thymus_serpyllum,exisiting species in the megatree,753
Thymus_pulegioides,Thymus_pulegioides,exisiting species in the megatree,754
Thymus_vulgaris,Thymus_vulgaris,exisiting species in the megatree,755
Thymus_praecox,Thymus_praecox,grafted at genus level,756
Thymus_odoratissimus,Thymus_odoratissimus,grafted at genus level,757
Thymus_mastichina,Thymus_mastichina,grafted at genus level,758
Prunella_grandiflora,Prunella_grandiflora,exisiting species in the megatree,759
Agastache_nepetoides,Agastache_nepetoides,grafted at genus level,760
Hyssopus_officinalis,Hyssopus_officinalis,exisiting species in the megatree,761
Glechoma_hederacea,Glechoma_hederacea,exisiting species in the megatree,762
Salvia_verbenaca,Salvia_verbenaca,exisiting species in the megatree,763
Salvia_aethiopis,Salvia_aethiopis,exisiting species in the megatree,764
Salvia_nemorosa,Salvia_nemorosa,exisiting species in the megatree,765
Salvia_lyrata,Salvia_lyrata,exisiting species in the megatree,766
Salvia_officinalis,Salvia_officinalis,exisiting species in the megatree,767
Salvia_pratensis,Salvia_pratensis,grafted at genus level,768
Salvia_verticillata,Salvia_verticillata,grafted at genus level,769
Salvia_rosmarinus,Salvia_rosmarinus,grafted at genus level,770
Lavandula_multifida,Lavandula_multifida,exisiting species in the megatree,771
Lavandula_stoechas,Lavandula_stoechas,exisiting species in the megatree,772
Lavandula_latifolia,Lavandula_latifolia,grafted at genus level,773
Lavandula_angustifolia,Lavandula_angustifolia,exisiting species in the megatree,774
Ocimum_basilicum,Ocimum_basilicum,exisiting species in the megatree,775
Lamium_galeobdolon,Lamium_galeobdolon,exisiting species in the megatree,776
Lamium_purpureum,Lamium_purpureum,exisiting species in the megatree,777
Leonurus_cardiaca,Leonurus_cardiaca,exisiting species in the megatree,778
Phlomis_herba-venti,Phlomis_herba-venti,exisiting species in the megatree,779
Stachys_arvensis,Stachys_arvensis,exisiting species in the megatree,780
Scutellaria_altissima,Scutellaria_altissima,grafted at genus level,781
Scutellaria_lateriflora,Scutellaria_lateriflora,grafted at genus level,782
Ajuga_reptans,Ajuga_reptans,exisiting species in the megatree,783
Ajuga_genevensis,Ajuga_genevensis,grafted at genus level,784
Teucrium_chamaedrys,Teucrium_chamaedrys,exisiting species in the megatree,785
Teucrium_canadense,Teucrium_canadense,exisiting species in the megatree,786
Callicarpa_acuminata,Callicarpa_acuminata,grafted at genus level,787
Betonica_officinalis,Betonica_officinalis,grafted at family level,788
Physostegia_virginiana,Physostegia_virginiana,grafted at family level,789
Erythranthe_moschata,Erythranthe_moschata,grafted at genus level,790
Erythranthe_lutea,Erythranthe_lutea,grafted at genus level,791
Erythranthe_guttata,Erythranthe_guttata,grafted at genus level,792
Rhinanthus_glacialis,Rhinanthus_glacialis,exisiting species in the megatree,793
Euphrasia_nemorosa,Euphrasia_nemorosa,exisiting species in the megatree,794
Handroanthus_impetiginosus,Handroanthus_impetiginosus,exisiting species in the megatree,795
Handroanthus_chrysanthus,Handroanthus_chrysanthus,exisiting species in the megatree,796
Tabebuia_roseoalba,Tabebuia_roseoalba,grafted at genus level,797
Amphilophium_paniculatum,Amphilophium_paniculatum,grafted at genus level,798
Campsis_radicans,Campsis_radicans,exisiting species in the megatree,799
Jacaranda_puberula,Jacaranda_puberula,grafted at genus level,800
Spathodea_campanulata,Spathodea_campanulata,grafted at family level,801
Pinguicula_vulgaris,Pinguicula_vulgaris,exisiting species in the megatree,802
Aphelandra_sinclairiana,Aphelandra_sinclairiana,grafted at genus level,803
Verbena_bracteata,Verbena_bracteata,exisiting species in the megatree,804
Verbena_hastata,Verbena_hastata,exisiting species in the megatree,805
Verbena_stricta,Verbena_stricta,grafted at genus level,806
Phyla_nodiflora,Phyla_nodiflora,exisiting species in the megatree,807
Lantana_camara,Lantana_camara,exisiting species in the megatree,808
Petrea_volubilis,Petrea_volubilis,exisiting species in the megatree,809
Verbascum_densiflorum,Verbascum_densiflorum,grafted at genus level,810
Verbascum_nigrum,Verbascum_nigrum,grafted at genus level,811
Scrophularia_nodosa,Scrophularia_nodosa,exisiting species in the megatree,812
Eremophila_glabra,Eremophila_glabra,grafted at family level,813
Veronica_polita,Veronica_polita,exisiting species in the megatree,814
Veronica_persica,Veronica_persica,exisiting species in the megatree,815
Veronica_prostrata,Veronica_prostrata,exisiting species in the megatree,816
Veronica_austriaca,Veronica_austriaca,exisiting species in the megatree,817
Veronica_arvensis,Veronica_arvensis,exisiting species in the megatree,818
Veronica_hederifolia,Veronica_hederifolia,exisiting species in the megatree,819
Veronica_gentianoides,Veronica_gentianoides,exisiting species in the megatree,820
Veronica_peregrina,Veronica_peregrina,exisiting species in the megatree,821
Veronica_officinalis,Veronica_officinalis,exisiting species in the megatree,822
Veronicastrum_virginicum,Veronicastrum_virginicum,exisiting species in the megatree,823
Plantago_indica,Plantago_indica,exisiting species in the megatree,824
Plantago_ovata,Plantago_ovata,exisiting species in the megatree,825
Digitalis_grandiflora,Digitalis_grandiflora,exisiting species in the megatree,826
Digitalis_lutea,Digitalis_lutea,exisiting species in the megatree,827
Digitalis_purpurea,Digitalis_purpurea,exisiting species in the megatree,828
Digitalis_lanata,Digitalis_lanata,exisiting species in the megatree,829
Globularia_alypum,Globularia_alypum,exisiting species in the megatree,830
Linaria_dalmatica,Linaria_dalmatica,exisiting species in the megatree,831
Linaria_purpurea,Linaria_purpurea,grafted at genus level,832
Linaria_alpina,Linaria_alpina,grafted at genus level,833
Antirrhinum_majus,Antirrhinum_majus,exisiting species in the megatree,834
Misopates_orontium,Misopates_orontium,exisiting species in the megatree,835
Cymbalaria_muralis,Cymbalaria_muralis,exisiting species in the megatree,836
Penstemon_barbatus,Penstemon_barbatus,exisiting species in the megatree,837
Penstemon_virgatus,Penstemon_virgatus,grafted at genus level,838
Bacopa_caroliniana,Bacopa_caroliniana,grafted at genus level,839
Lindernia_dubia,Lindernia_dubia,grafted at family level,840
Aeschynanthus_pulcher,Aeschynanthus_pulcher,grafted at genus level,841
Fraxinus_excelsior,Fraxinus_excelsior,exisiting species in the megatree,842
Fraxinus_angustifolia,Fraxinus_angustifolia,exisiting species in the megatree,843
Fraxinus_ornus,Fraxinus_ornus,exisiting species in the megatree,844
Fraxinus_nigra,Fraxinus_nigra,exisiting species in the megatree,845
Fraxinus_americana,Fraxinus_americana,exisiting species in the megatree,846
Fraxinus_pennsylvanica,Fraxinus_pennsylvanica,exisiting species in the megatree,847
Phillyrea_angustifolia,Phillyrea_angustifolia,exisiting species in the megatree,848
Olea_europaea,Olea_europaea,exisiting species in the megatree,849
Ligustrum_vulgare,Ligustrum_vulgare,exisiting species in the megatree,850
Ligustrum_ovalifolium,Ligustrum_ovalifolium,exisiting species in the megatree,851
Syringa_vulgaris,Syringa_vulgaris,exisiting species in the megatree,852
Chrysojasminum_fruticans,Chrysojasminum_fruticans,grafted at family level,853
Anchusa_azurea,Anchusa_azurea,exisiting species in the megatree,854
Anchusa_officinalis,Anchusa_officinalis,exisiting species in the megatree,855
Borago_officinalis,Borago_officinalis,exisiting species in the megatree,856
Symphytum_officinale,Symphytum_officinale,exisiting species in the megatree,857
Pulmonaria_officinalis,Pulmonaria_officinalis,exisiting species in the megatree,858
Pulmonaria_angustifolia,Pulmonaria_angustifolia,exisiting species in the megatree,859
Echium_vulgare,Echium_vulgare,exisiting species in the megatree,860
Echium_plantagineum,Echium_plantagineum,exisiting species in the megatree,861
Cerinthe_minor,Cerinthe_minor,exisiting species in the megatree,862
Hackelia_deflexa,Hackelia_deflexa,exisiting species in the megatree,863
Cordia_alliodora,Cordia_alliodora,exisiting species in the megatree,864
Cordia_superba,Cordia_superba,exisiting species in the megatree,865
Phacelia_tanacetifolia,Phacelia_tanacetifolia,exisiting species in the megatree,866
Asclepias_syriaca,Asclepias_syriaca,exisiting species in the megatree,867
Asclepias_tuberosa,Asclepias_tuberosa,exisiting species in the megatree,868
Asclepias_incarnata,Asclepias_incarnata,exisiting species in the megatree,869
Vincetoxicum_nigrum,Vincetoxicum_nigrum,exisiting species in the megatree,870
Vincetoxicum_rossicum,Vincetoxicum_rossicum,exisiting species in the megatree,871
Vincetoxicum_hirundinaria,Vincetoxicum_hirundinaria,exisiting species in the megatree,872
Periploca_graeca,Periploca_graeca,exisiting species in the megatree,873
Apocynum_cannabinum,Apocynum_cannabinum,exisiting species in the megatree,874
Apocynum_androsaemifolium,Apocynum_androsaemifolium,exisiting species in the megatree,875
Nerium_oleander,Nerium_oleander,exisiting species in the megatree,876
Carissa_spinarum,Carissa_spinarum,exisiting species in the megatree,877
Carissa_bispinosa,Carissa_bispinosa,exisiting species in the megatree,878
Vinca_major,Vinca_major,exisiting species in the megatree,879
Vinca_minor,Vinca_minor,exisiting species in the megatree,880
Aspidosperma_album,Aspidosperma_album,exisiting species in the megatree,881
Thevetia_ahouai,Thevetia_ahouai,grafted at family level,882
Gentiana_nivalis,Gentiana_nivalis,exisiting species in the megatree,883
Gentiana_acaulis,Gentiana_acaulis,exisiting species in the megatree,884
Gentianella_amarella,Gentianella_amarella,exisiting species in the megatree,885
Genipa_americana,Genipa_americana,exisiting species in the megatree,886
Rosenbergiodendron_formosum,Rosenbergiodendron_formosum,exisiting species in the megatree,887
Coffea_arabica,Coffea_arabica,exisiting species in the megatree,888
Neonauclea_purpurea,Neonauclea_purpurea,grafted at genus level,889
Breonia_chinensis,Breonia_chinensis,exisiting species in the megatree,890
Sherardia_arvensis,Sherardia_arvensis,exisiting species in the megatree,891
Asperula_tinctoria,Asperula_tinctoria,exisiting species in the megatree,892
Diodia_virginiana,Diodia_virginiana,grafted at genus level,893
Faramea_occidentalis,Faramea_occidentalis,exisiting species in the megatree,894
Solanum_americanum,Solanum_americanum,exisiting species in the megatree,895
Solanum_viarum,Solanum_viarum,exisiting species in the megatree,896
Solanum_tuberosum,Solanum_tuberosum,grafted at genus level,897
Physalis_pubescens,Physalis_pubescens,exisiting species in the megatree,898
Datura_stramonium,Datura_stramonium,exisiting species in the megatree,899
Nicandra_physalodes,Nicandra_physalodes,exisiting species in the megatree,900
Atropa_bella-donna,Atropa_bella-donna,grafted at genus level,901
Nicotiana_rustica,Nicotiana_rustica,exisiting species in the megatree,902
Nicotiana_glauca,Nicotiana_glauca,exisiting species in the megatree,903
Calystegia_silvatica,Calystegia_silvatica,exisiting species in the megatree,904
Aucuba_japonica,Aucuba_japonica,exisiting species in the megatree,905
Erica_tetralix,Erica_tetralix,exisiting species in the megatree,906
Erica_multiflora,Erica_multiflora,exisiting species in the megatree,907
Erica_cinerea,Erica_cinerea,exisiting species in the megatree,908
Erica_arborea,Erica_arborea,exisiting species in the megatree,909
Calluna_vulgaris,Calluna_vulgaris,exisiting species in the megatree,910
Rhododendron_ferrugineum,Rhododendron_ferrugineum,exisiting species in the megatree,911
Rhododendron_hirsutum,Rhododendron_hirsutum,exisiting species in the megatree,912
Rhododendron_lapponicum,Rhododendron_lapponicum,exisiting species in the megatree,913
Rhododendron_ponticum,Rhododendron_ponticum,exisiting species in the megatree,914
Kalmia_angustifolia,Kalmia_angustifolia,exisiting species in the megatree,915
Kalmia_latifolia,Kalmia_latifolia,exisiting species in the megatree,916
Vaccinium_uliginosum,Vaccinium_uliginosum,exisiting species in the megatree,917
Vaccinium_corymbosum,Vaccinium_corymbosum,exisiting species in the megatree,918
Vaccinium_myrtilloides,Vaccinium_myrtilloides,grafted at genus level,919
Vaccinium_angustifolium,Vaccinium_angustifolium,grafted at genus level,920
Gaultheria_procumbens,Gaultheria_procumbens,exisiting species in the megatree,921
Lyonia_ligustrina,Lyonia_ligustrina,exisiting species in the megatree,922
Lyonia_mariana,Lyonia_mariana,exisiting species in the megatree,923
Oxydendrum_arboreum,Oxydendrum_arboreum,exisiting species in the megatree,924
Epacris_impressa,Epacris_impressa,grafted at genus level,925
Arbutus_unedo,Arbutus_unedo,exisiting species in the megatree,926
Arctostaphylos_uva-ursi,Arctostaphylos_uva-ursi,exisiting species in the megatree,927
Pyrola_elliptica,Pyrola_elliptica,exisiting species in the megatree,928
Sarracenia_flava,Sarracenia_flava,exisiting species in the megatree,929
Sarracenia_purpurea,Sarracenia_purpurea,exisiting species in the megatree,930
Primula_vulgaris,Primula_vulgaris,exisiting species in the megatree,931
Primula_veris,Primula_veris,exisiting species in the megatree,932
Primula_elatior,Primula_elatior,exisiting species in the megatree,933
Primula_auricula,Primula_auricula,exisiting species in the megatree,934
Hottonia_palustris,Hottonia_palustris,exisiting species in the megatree,935
Androsace_villosa,Androsace_villosa,exisiting species in the megatree,936
Lysimachia_nummularia,Lysimachia_nummularia,exisiting species in the megatree,937
Lysimachia_punctata,Lysimachia_punctata,exisiting species in the megatree,938
Lysimachia_ciliata,Lysimachia_ciliata,exisiting species in the megatree,939
Lysimachia_arvensis,Lysimachia_arvensis,grafted at genus level,940
Cyclamen_purpurascens,Cyclamen_purpurascens,exisiting species in the megatree,941
Gustavia_superba,Gustavia_superba,grafted at genus level,942
Lecythis_pisonis,Lecythis_pisonis,exisiting species in the megatree,943
Diospyros_virginiana,Diospyros_virginiana,exisiting species in the megatree,944
Chrysophyllum_cainito,Chrysophyllum_cainito,exisiting species in the megatree,945
Pouteria_campechiana,Pouteria_campechiana,exisiting species in the megatree,946
Pouteria_sapota,Pouteria_sapota,grafted at genus level,947
Mimusops_elengi,Mimusops_elengi,exisiting species in the megatree,948
Phlox_paniculata,Phlox_paniculata,exisiting species in the megatree,949
Phlox_divaricata,Phlox_divaricata,exisiting species in the megatree,950
Ipomopsis_aggregata,Ipomopsis_aggregata,exisiting species in the megatree,951
Fouquieria_splendens,Fouquieria_splendens,exisiting species in the megatree,952
Impatiens_glandulifera,Impatiens_glandulifera,exisiting species in the megatree,953
Impatiens_balfourii,Impatiens_balfourii,grafted at genus level,954
Cornus_rugosa,Cornus_rugosa,exisiting species in the megatree,955
Cornus_racemosa,Cornus_racemosa,exisiting species in the megatree,956
Cornus_sericea,Cornus_sericea,exisiting species in the megatree,957
Cornus_sanguinea,Cornus_sanguinea,exisiting species in the megatree,958
Cornus_alternifolia,Cornus_alternifolia,exisiting species in the megatree,959
Cornus_mas,Cornus_mas,exisiting species in the megatree,960
Cornus_florida,Cornus_florida,exisiting species in the megatree,961
Cornus_drummondii,Cornus_drummondii,grafted at genus level,962
Nyssa_sylvatica,Nyssa_sylvatica,exisiting species in the megatree,963
Deutzia_gracilis,Deutzia_gracilis,exisiting species in the megatree,964
Deutzia_scabra,Deutzia_scabra,exisiting species in the megatree,965
Philadelphus_coronarius,Philadelphus_coronarius,exisiting species in the megatree,966
Hydrangea_arborescens,Hydrangea_arborescens,exisiting species in the megatree,967
Dianthus_gratianopolitanus,Dianthus_gratianopolitanus,exisiting species in the megatree,968
Dianthus_carthusianorum,Dianthus_carthusianorum,exisiting species in the megatree,969
Dianthus_seguieri,Dianthus_seguieri,exisiting species in the megatree,970
Dianthus_collinus,Dianthus_collinus,exisiting species in the megatree,971
Dianthus_armeria,Dianthus_armeria,exisiting species in the megatree,972
Dianthus_deltoides,Dianthus_deltoides,exisiting species in the megatree,973
Dianthus_praecox,Dianthus_praecox,grafted at genus level,974
Petrorhagia_prolifera,Petrorhagia_prolifera,grafted at genus level,975
Saponaria_ocymoides,Saponaria_ocymoides,exisiting species in the megatree,976
Saponaria_officinalis,Saponaria_officinalis,exisiting species in the megatree,977
Gypsophila_repens,Gypsophila_repens,exisiting species in the megatree,978
Silene_nutans,Silene_nutans,exisiting species in the megatree,979
Silene_italica,Silene_italica,exisiting species in the megatree,980
Silene_gallica,Silene_gallica,exisiting species in the megatree,981
Silene_flos-cuculi,Silene_flos-cuculi,exisiting species in the megatree,982
Silene_dioica,Silene_dioica,exisiting species in the megatree,983
Silene_conica,Silene_conica,exisiting species in the megatree,984
Silene_uniflora,Silene_uniflora,exisiting species in the megatree,985
Heliosperma_alpestre,Heliosperma_alpestre,grafted at genus level,986
Silene_coronaria,Silene_coronaria,grafted at genus level,987
Agrostemma_githago,Agrostemma_githago,exisiting species in the megatree,988
Cerastium_fontanum,Cerastium_fontanum,exisiting species in the megatree,989
Cerastium_semidecandrum,Cerastium_semidecandrum,exisiting species in the megatree,990
Eremogone_saxatilis,Eremogone_saxatilis,exisiting species in the megatree,991
Gypsophila_scorzonerifolia,Gypsophila_scorzonerifolia,grafted at genus level,992
Gypsophila_bicolor,Gypsophila_bicolor,grafted at genus level,993
Colobanthus_subulatus,Colobanthus_subulatus,exisiting species in the megatree,994
Atocion_armeria,Atocion_armeria,grafted at family level,995
Atocion_rupestre,Atocion_rupestre,grafted at family level,996
Viscaria_vulgaris,Viscaria_vulgaris,grafted at family level,997
Amaranthus_retroflexus,Amaranthus_retroflexus,exisiting species in the megatree,998
Amaranthus_powellii,Amaranthus_powellii,exisiting species in the megatree,999
Amaranthus_caudatus,Amaranthus_caudatus,exisiting species in the megatree,1000
Amaranthus_cruentus,Amaranthus_cruentus,exisiting species in the megatree,1001
Amaranthus_hybridus,Amaranthus_hybridus,exisiting species in the megatree,1002
Amaranthus_blitum,Amaranthus_blitum,exisiting species in the megatree,1003
Alternanthera_philoxeroides,Alternanthera_philoxeroides,exisiting species in the megatree,1004
Alternanthera_pungens,Alternanthera_pungens,exisiting species in the megatree,1005
Atriplex_nummularia,Atriplex_nummularia,exisiting species in the megatree,1006
Atriplex_canescens,Atriplex_canescens,exisiting species in the megatree,1007
Atriplex_patula,Atriplex_patula,exisiting species in the megatree,1008
Dysphania_ambrosioides,Dysphania_ambrosioides,exisiting species in the megatree,1009
Beta_vulgaris,Beta_vulgaris,exisiting species in the megatree,1010
Atriplex_micrantha,Atriplex_micrantha,grafted at genus level,1011
Phytolacca_americana,Phytolacca_americana,exisiting species in the megatree,1012
Mirabilis_jalapa,Mirabilis_jalapa,exisiting species in the megatree,1013
Portulaca_grandiflora,Portulaca_grandiflora,exisiting species in the megatree,1014
Simmondsia_chinensis,Simmondsia_chinensis,exisiting species in the megatree,1015
Persicaria_pensylvanica,Persicaria_pensylvanica,exisiting species in the megatree,1016
Persicaria_minor,Persicaria_minor,exisiting species in the megatree,1017
Fallopia_baldschuanica,Fallopia_baldschuanica,exisiting species in the megatree,1018
Muehlenbeckia_axillaris,Muehlenbeckia_axillaris,exisiting species in the megatree,1019
Triplaris_cumingiana,Triplaris_cumingiana,exisiting species in the megatree,1020
Triplaris_americana,Triplaris_americana,exisiting species in the megatree,1021
Rumex_sanguineus,Rumex_sanguineus,grafted at family level,1022
Plumbago_auriculata,Plumbago_auriculata,exisiting species in the megatree,1023
Armeria_maritima,Armeria_maritima,exisiting species in the megatree,1024
Drosera_anglica,Drosera_anglica,exisiting species in the megatree,1025
Drosera_intermedia,Drosera_intermedia,grafted at genus level,1026
Drosera_arcturi,Drosera_arcturi,exisiting species in the megatree,1027
Lipandra_polysperma,Lipandra_polysperma,grafted at family level,1028
Chenopodiastrum_hybridum,Chenopodiastrum_hybridum,grafted at family level,1029
Oxybasis_glauca,Oxybasis_glauca,grafted at family level,1030
Buxus_sempervirens,Buxus_sempervirens,exisiting species in the megatree,1031
Knightia_excelsa,Knightia_excelsa,exisiting species in the megatree,1032
Banksia_marginata,Banksia_marginata,exisiting species in the megatree,1033
Lomatia_silaifolia,Lomatia_silaifolia,exisiting species in the megatree,1034
Clematis_flammula,Clematis_flammula,exisiting species in the megatree,1035
Clematis_recta,Clematis_recta,exisiting species in the megatree,1036
Clematis_viticella,Clematis_viticella,exisiting species in the megatree,1037
Clematis_alpina,Clematis_alpina,exisiting species in the megatree,1038
Clematis_vitalba,Clematis_vitalba,exisiting species in the megatree,1039
Pulsatilla_montana,Pulsatilla_montana,grafted at genus level,1040
Pulsatilla_alpina,Pulsatilla_alpina,grafted at genus level,1041
Hepatica_nobilis,Hepatica_nobilis,exisiting species in the megatree,1042
Anemone_virginiana,Anemone_virginiana,exisiting species in the megatree,1043
Ranunculus_sardous,Ranunculus_sardous,exisiting species in the megatree,1044
Ranunculus_lappaceus,Ranunculus_lappaceus,exisiting species in the megatree,1045
Ranunculus_acris,Ranunculus_acris,exisiting species in the megatree,1046
Ranunculus_arvensis,Ranunculus_arvensis,exisiting species in the megatree,1047
Ranunculus_aconitifolius,Ranunculus_aconitifolius,exisiting species in the megatree,1048
Helleborus_niger,Helleborus_niger,exisiting species in the megatree,1049
Helleborus_foetidus,Helleborus_foetidus,exisiting species in the megatree,1050
Helleborus_viridis,Helleborus_viridis,exisiting species in the megatree,1051
Helleborus_purpurascens,Helleborus_purpurascens,exisiting species in the megatree,1052
Actaea_spicata,Actaea_spicata,exisiting species in the megatree,1053
Trollius_europaeus,Trollius_europaeus,exisiting species in the megatree,1054
Aconitum_napellus,Aconitum_napellus,exisiting species in the megatree,1055
Aconitum_variegatum,Aconitum_variegatum,exisiting species in the megatree,1056
Delphinium_consolida,Delphinium_consolida,grafted at genus level,1057
Nigella_damascena,Nigella_damascena,exisiting species in the megatree,1058
Thalictrum_flavum,Thalictrum_flavum,exisiting species in the megatree,1059
Thalictrum_lucidum,Thalictrum_lucidum,exisiting species in the megatree,1060
Thalictrum_minus,Thalictrum_minus,exisiting species in the megatree,1061
Thalictrum_aquilegiifolium,Thalictrum_aquilegiifolium,exisiting species in the megatree,1062
Aquilegia_vulgaris,Aquilegia_vulgaris,exisiting species in the megatree,1063
Aquilegia_atrata,Aquilegia_atrata,exisiting species in the megatree,1064
Aquilegia_einseleana,Aquilegia_einseleana,exisiting species in the megatree,1065
Berberis_aquifolium,Berberis_aquifolium,exisiting species in the megatree,1066
Berberis_repens,Berberis_repens,exisiting species in the megatree,1067
Berberis_vulgaris,Berberis_vulgaris,exisiting species in the megatree,1068
Menispermum_canadense,Menispermum_canadense,exisiting species in the megatree,1069
Cissampelos_pareira,Cissampelos_pareira,exisiting species in the megatree,1070
Anemonastrum_canadense,Anemonastrum_canadense,grafted at family level,1071
Glaucium_corniculatum,Glaucium_corniculatum,grafted at genus level,1072
Glaucium_flavum,Glaucium_flavum,exisiting species in the megatree,1073
Sanguinaria_canadensis,Sanguinaria_canadensis,exisiting species in the megatree,1074
Papaver_dubium,Papaver_dubium,exisiting species in the megatree,1075
Papaver_rhoeas,Papaver_rhoeas,exisiting species in the megatree,1076
Papaver_somniferum,Papaver_somniferum,exisiting species in the megatree,1077
Fumaria_officinalis,Fumaria_officinalis,exisiting species in the megatree,1078
Lolium_rigidum,Lolium_rigidum,exisiting species in the megatree,1079
Lolium_multiflorum,Lolium_multiflorum,exisiting species in the megatree,1080
Lolium_temulentum,Lolium_temulentum,exisiting species in the megatree,1081
Lolium_remotum,Lolium_remotum,grafted at genus level,1082
Lolium_perenne,Lolium_perenne,exisiting species in the megatree,1083
Festuca_trachyphylla,Festuca_trachyphylla,exisiting species in the megatree,1084
Festuca_filiformis,Festuca_filiformis,exisiting species in the megatree,1085
Festuca_amethystina,Festuca_amethystina,grafted at genus level,1086
Cynosurus_cristatus,Cynosurus_cristatus,exisiting species in the megatree,1087
Cutandia_maritima,Cutandia_maritima,exisiting species in the megatree,1088
Holcus_mollis,Holcus_mollis,exisiting species in the megatree,1089
Holcus_lanatus,Holcus_lanatus,exisiting species in the megatree,1090
Sesleria_caerulea,Sesleria_caerulea,exisiting species in the megatree,1091
Phleum_pratense,Phleum_pratense,exisiting species in the megatree,1092
Alopecurus_myosuroides,Alopecurus_myosuroides,exisiting species in the megatree,1093
Poa_trivialis,Poa_trivialis,grafted at genus level,1094
Poa_compressa,Poa_compressa,grafted at genus level,1095
Avena_sativa,Avena_sativa,exisiting species in the megatree,1096
Avena_barbata,Avena_barbata,exisiting species in the megatree,1097
Avena_sterilis,Avena_sterilis,exisiting species in the megatree,1098
Avena_fatua,Avena_fatua,exisiting species in the megatree,1099
Arrhenatherum_elatius,Arrhenatherum_elatius,exisiting species in the megatree,1100
Koeleria_glauca,Koeleria_glauca,grafted at genus level,1101
Lagurus_ovatus,Lagurus_ovatus,exisiting species in the megatree,1102
Phalaris_canariensis,Phalaris_canariensis,exisiting species in the megatree,1103
Phalaris_arundinacea,Phalaris_arundinacea,exisiting species in the megatree,1104
Anthoxanthum_odoratum,Anthoxanthum_odoratum,exisiting species in the megatree,1105
Elymus_canadensis,Elymus_canadensis,exisiting species in the megatree,1106
Elymus_elymoides,Elymus_elymoides,exisiting species in the megatree,1107
Elymus_lanceolatus,Elymus_lanceolatus,exisiting species in the megatree,1108
Elymus_smithii,Elymus_smithii,exisiting species in the megatree,1109
Hordeum_vulgare,Hordeum_vulgare,exisiting species in the megatree,1110
Hordeum_secalinum,Hordeum_secalinum,exisiting species in the megatree,1111
Hordeum_distichon,Hordeum_distichon,grafted at genus level,1112
Secale_cereale,Secale_cereale,exisiting species in the megatree,1113
Secale_sylvestre,Secale_sylvestre,exisiting species in the megatree,1114
Aegilops_tauschii,Aegilops_tauschii,exisiting species in the megatree,1115
Aegilops_cylindrica,Aegilops_cylindrica,exisiting species in the megatree,1116
Aegilops_triuncialis,Aegilops_triuncialis,exisiting species in the megatree,1117
Aegilops_neglecta,Aegilops_neglecta,exisiting species in the megatree,1118
Triticum_aestivum,Triticum_aestivum,exisiting species in the megatree,1119
Bromus_carinatus,Bromus_carinatus,exisiting species in the megatree,1120
Bromus_arvensis,Bromus_arvensis,exisiting species in the megatree,1121
Bromus_ciliatus,Bromus_ciliatus,grafted at genus level,1122
Bromus_rigidus,Bromus_rigidus,grafted at genus level,1123
Stipa_pennata,Stipa_pennata,exisiting species in the megatree,1124
Sasa_palmata,Sasa_palmata,exisiting species in the megatree,1125
Sorghum_bicolor,Sorghum_bicolor,exisiting species in the megatree,1126
Sorghum_halepense,Sorghum_halepense,exisiting species in the megatree,1127
Sorghastrum_nutans,Sorghastrum_nutans,exisiting species in the megatree,1128
Saccharum_officinarum,Saccharum_officinarum,exisiting species in the megatree,1129
Schizachyrium_condensatum,Schizachyrium_condensatum,exisiting species in the megatree,1130
Schizachyrium_scoparium,Schizachyrium_scoparium,exisiting species in the megatree,1131
Hyparrhenia_hirta,Hyparrhenia_hirta,exisiting species in the megatree,1132
Andropogon_gerardi,Andropogon_gerardi,grafted at genus level,1133
Zea_mays,Zea_mays,exisiting species in the megatree,1134
Paspalum_dilatatum,Paspalum_dilatatum,exisiting species in the megatree,1135
Paspalum_urvillei,Paspalum_urvillei,exisiting species in the megatree,1136
Paspalum_notatum,Paspalum_notatum,exisiting species in the megatree,1137
Axonopus_fissifolius,Axonopus_fissifolius,exisiting species in the megatree,1138
Hymenachne_amplexicaulis,Hymenachne_amplexicaulis,exisiting species in the megatree,1139
Setaria_sphacelata,Setaria_sphacelata,exisiting species in the megatree,1140
Setaria_pumila,Setaria_pumila,exisiting species in the megatree,1141
Setaria_parviflora,Setaria_parviflora,exisiting species in the megatree,1142
Setaria_verticillata,Setaria_verticillata,exisiting species in the megatree,1143
Cenchrus_ciliaris,Cenchrus_ciliaris,exisiting species in the megatree,1144
Cenchrus_spinifex,Cenchrus_spinifex,exisiting species in the megatree,1145
Cenchrus_mezianus,Cenchrus_mezianus,grafted at genus level,1146
Panicum_dichotomiflorum,Panicum_dichotomiflorum,exisiting species in the megatree,1147
Panicum_capillare,Panicum_capillare,exisiting species in the megatree,1148
Panicum_repens,Panicum_repens,exisiting species in the megatree,1149
Panicum_virgatum,Panicum_virgatum,exisiting species in the megatree,1150
Melinis_repens,Melinis_repens,exisiting species in the megatree,1151
Melinis_minutiflora,Melinis_minutiflora,exisiting species in the megatree,1152
Dichanthelium_acuminatum,Dichanthelium_acuminatum,grafted at genus level,1153
Bouteloua_curtipendula,Bouteloua_curtipendula,exisiting species in the megatree,1154
Bouteloua_simplex,Bouteloua_simplex,grafted at genus level,1155
Bouteloua_gracilis,Bouteloua_gracilis,grafted at genus level,1156
Sporobolus_heterolepis,Sporobolus_heterolepis,exisiting species in the megatree,1157
Sporobolus_anglicus,Sporobolus_anglicus,exisiting species in the megatree,1158
Eragrostis_spectabilis,Eragrostis_spectabilis,exisiting species in the megatree,1159
Molinia_caerulea,Molinia_caerulea,exisiting species in the megatree,1160
Carex_nigra,Carex_nigra,exisiting species in the megatree,1161
Carex_elata,Carex_elata,exisiting species in the megatree,1162
Carex_flacca,Carex_flacca,exisiting species in the megatree,1163
Carex_comans,Carex_comans,exisiting species in the megatree,1164
Carex_pendula,Carex_pendula,exisiting species in the megatree,1165
Carex_scabrata,Carex_scabrata,grafted at genus level,1166
Carex_muskingumensis,Carex_muskingumensis,grafted at genus level,1167
Carex_frigida,Carex_frigida,grafted at genus level,1168
Bolboschoenus_fluviatilis,Bolboschoenus_fluviatilis,exisiting species in the megatree,1169
Luzula_sylvatica,Luzula_sylvatica,exisiting species in the megatree,1170
Luzula_nivea,Luzula_nivea,exisiting species in the megatree,1171
Wallisia_anceps,Wallisia_anceps,exisiting species in the megatree,1172
Tillandsia_duratii,Tillandsia_duratii,grafted at genus level,1173
Sparganium_erectum,Sparganium_erectum,exisiting species in the megatree,1174
Euterpe_edulis,Euterpe_edulis,grafted at genus level,1175
Euterpe_precatoria,Euterpe_precatoria,exisiting species in the megatree,1176
Euterpe_oleracea,Euterpe_oleracea,exisiting species in the megatree,1177
Normanbya_normanbyi,Normanbya_normanbyi,exisiting species in the megatree,1178
Pholidostachys_pulchra,Pholidostachys_pulchra,exisiting species in the megatree,1179
Welfia_regia,Welfia_regia,exisiting species in the megatree,1180
Bactris_gasipaes,Bactris_gasipaes,exisiting species in the megatree,1181
Astrocaryum_standleyanum,Astrocaryum_standleyanum,exisiting species in the megatree,1182
Attalea_butyracea,Attalea_butyracea,exisiting species in the megatree,1183
Socratea_exorrhiza,Socratea_exorrhiza,exisiting species in the megatree,1184
Iriartea_deltoidea,Iriartea_deltoidea,exisiting species in the megatree,1185
Cryosophila_warscewiczii,Cryosophila_warscewiczii,exisiting species in the megatree,1186
Chamaerops_humilis,Chamaerops_humilis,exisiting species in the megatree,1187
Heteranthera_reniformis,Heteranthera_reniformis,grafted at genus level,1188
Pontederia_cordata,Pontederia_cordata,exisiting species in the megatree,1189
Tradescantia_ohiensis,Tradescantia_ohiensis,exisiting species in the megatree,1190
Thalia_geniculata,Thalia_geniculata,exisiting species in the megatree,1191
Maianthemum_canadense,Maianthemum_canadense,exisiting species in the megatree,1192
Maianthemum_racemosum,Maianthemum_racemosum,exisiting species in the megatree,1193
Maianthemum_stellatum,Maianthemum_stellatum,exisiting species in the megatree,1194
Polygonatum_multiflorum,Polygonatum_multiflorum,exisiting species in the megatree,1195
Ruscus_aculeatus,Ruscus_aculeatus,exisiting species in the megatree,1196
Dracaena_braunii,Dracaena_braunii,exisiting species in the megatree,1197
Asparagus_officinalis,Asparagus_officinalis,exisiting species in the megatree,1198
Anthericum_ramosum,Anthericum_ramosum,exisiting species in the megatree,1199
Anthericum_liliago,Anthericum_liliago,exisiting species in the megatree,1200
Hosta_sieboldii,Hosta_sieboldii,grafted at genus level,1201
Muscari_botryoides,Muscari_botryoides,grafted at genus level,1202
Muscari_comosum,Muscari_comosum,grafted at genus level,1203
Muscari_neglectum,Muscari_neglectum,exisiting species in the megatree,1204
Scilla_bifolia,Scilla_bifolia,exisiting species in the megatree,1205
Hyacinthoides_non-scripta,Hyacinthoides_non-scripta,exisiting species in the megatree,1206
Hyacinthoides_hispanica,Hyacinthoides_hispanica,exisiting species in the megatree,1207
Scilla_siberica,Scilla_siberica,grafted at genus level,1208
Ornithogalum_umbellatum,Ornithogalum_umbellatum,exisiting species in the megatree,1209
Leucojum_vernum,Leucojum_vernum,exisiting species in the megatree,1210
Leucojum_aestivum,Leucojum_aestivum,exisiting species in the megatree,1211
Galanthus_nivalis,Galanthus_nivalis,exisiting species in the megatree,1212
Narcissus_pseudonarcissus,Narcissus_pseudonarcissus,exisiting species in the megatree,1213
Narcissus_poeticus,Narcissus_poeticus,exisiting species in the megatree,1214
Pancratium_maritimum,Pancratium_maritimum,exisiting species in the megatree,1215
Nothoscordum_gracile,Nothoscordum_gracile,exisiting species in the megatree,1216
Allium_sphaerocephalon,Allium_sphaerocephalon,exisiting species in the megatree,1217
Allium_ursinum,Allium_ursinum,grafted at genus level,1218
Allium_carinatum,Allium_carinatum,grafted at genus level,1219
Dianella_tasmanica,Dianella_tasmanica,exisiting species in the megatree,1220
Phormium_colensoi,Phormium_colensoi,grafted at genus level,1221
Asphodelus_albus,Asphodelus_albus,exisiting species in the megatree,1222
Iris_spuria,Iris_spuria,exisiting species in the megatree,1223
Iris_foetidissima,Iris_foetidissima,exisiting species in the megatree,1224
Iris_pseudacorus,Iris_pseudacorus,exisiting species in the megatree,1225
Iris_pumila,Iris_pumila,exisiting species in the megatree,1226
Iris_aphylla,Iris_aphylla,exisiting species in the megatree,1227
Iris_variegata,Iris_variegata,grafted at genus level,1228
Sisyrinchium_bellum,Sisyrinchium_bellum,exisiting species in the megatree,1229
Crocus_vernus,Crocus_vernus,grafted at genus level,1230
Gladiolus_italicus,Gladiolus_italicus,exisiting species in the megatree,1231
Anacamptis_morio,Anacamptis_morio,grafted at genus level,1232
Ophrys_sphegodes,Ophrys_sphegodes,exisiting species in the megatree,1233
Liparis_loeselii,Liparis_loeselii,exisiting species in the megatree,1234
Erythronium_americanum,Erythronium_americanum,exisiting species in the megatree,1235
Erythronium_grandiflorum,Erythronium_grandiflorum,exisiting species in the megatree,1236
Clintonia_borealis,Clintonia_borealis,exisiting species in the megatree,1237
Lilium_bulbiferum,Lilium_bulbiferum,exisiting species in the megatree,1238
Smilax_zeylanica,Smilax_zeylanica,exisiting species in the megatree,1239
Trillium_erectum,Trillium_erectum,exisiting species in the megatree,1240
Trillium_grandiflorum,Trillium_grandiflorum,exisiting species in the megatree,1241
Colchicum_autumnale,Colchicum_autumnale,exisiting species in the megatree,1242
Narthecium_ossifragum,Narthecium_ossifragum,exisiting species in the megatree,1243
Dioscorea_communis,Dioscorea_communis,exisiting species in the megatree,1244
Elodea_canadensis,Elodea_canadensis,exisiting species in the megatree,1245
Elodea_nuttallii,Elodea_nuttallii,exisiting species in the megatree,1246
Elodea_densa,Elodea_densa,grafted at genus level,1247
Lagarosiphon_major,Lagarosiphon_major,exisiting species in the megatree,1248
Vallisneria_americana,Vallisneria_americana,exisiting species in the megatree,1249
Stratiotes_aloides,Stratiotes_aloides,exisiting species in the megatree,1250
Baldellia_ranunculoides,Baldellia_ranunculoides,exisiting species in the megatree,1251
Sagittaria_sagittifolia,Sagittaria_sagittifolia,exisiting species in the megatree,1252
Potamogeton_polygonifolius,Potamogeton_polygonifolius,exisiting species in the megatree,1253
Tofieldia_calyculata,Tofieldia_calyculata,exisiting species in the megatree,1254
Arum_maculatum,Arum_maculatum,exisiting species in the megatree,1255
Arisaema_triphyllum,Arisaema_triphyllum,exisiting species in the megatree,1256
Philodendron_cordatum,Philodendron_cordatum,exisiting species in the megatree,1257
Monstera_adansonii,Monstera_adansonii,exisiting species in the megatree,1258
Lemna_minuta,Lemna_minuta,exisiting species in the megatree,1259
Annona_glabra,Annona_glabra,exisiting species in the megatree,1260
Annona_mucosa,Annona_mucosa,grafted at genus level,1261
Asimina_triloba,Asimina_triloba,exisiting species in the megatree,1262
Anaxagorea_javanica,Anaxagorea_javanica,exisiting species in the megatree,1263
Magnolia_salicifolia,Magnolia_salicifolia,grafted at genus level,1264
Magnolia_virginiana,Magnolia_virginiana,grafted at genus level,1265
Liriodendron_tulipifera,Liriodendron_tulipifera,exisiting species in the megatree,1266
Lindera_benzoin,Lindera_benzoin,exisiting species in the megatree,1267
Laurus_nobilis,Laurus_nobilis,grafted at genus level,1268
Sassafras_albidum,Sassafras_albidum,grafted at genus level,1269
Umbellularia_californica,Umbellularia_californica,exisiting species in the megatree,1270
Persea_americana,Persea_americana,exisiting species in the megatree,1271
Calycanthus_floridus,Calycanthus_floridus,exisiting species in the megatree,1272
Asarum_europaeum,Asarum_europaeum,exisiting species in the megatree,1273
Aristolochia_clematitis,Aristolochia_clematitis,exisiting species in the megatree,1274
Drimys_winteri,Drimys_winteri,exisiting species in the megatree,1275
Nymphaea_alba,Nymphaea_alba,exisiting species in the megatree,1276
Nymphaea_odorata,Nymphaea_odorata,exisiting species in the megatree,1277
Pinus_brutia,Pinus_brutia,exisiting species in the megatree,1278
Pinus_halepensis,Pinus_halepensis,exisiting species in the megatree,1279
Pinus_pinaster,Pinus_pinaster,exisiting species in the megatree,1280
Pinus_pinea,Pinus_pinea,exisiting species in the megatree,1281
Pinus_resinosa,Pinus_resinosa,exisiting species in the megatree,1282
Pinus_nigra,Pinus_nigra,exisiting species in the megatree,1283
Pinus_mugo,Pinus_mugo,exisiting species in the megatree,1284
Pinus_rigida,Pinus_rigida,exisiting species in the megatree,1285
Pinus_serotina,Pinus_serotina,exisiting species in the megatree,1286
Pinus_palustris,Pinus_palustris,exisiting species in the megatree,1287
Pinus_ponderosa,Pinus_ponderosa,exisiting species in the megatree,1288
Pinus_strobus,Pinus_strobus,exisiting species in the megatree,1289
Pinus_cembra,Pinus_cembra,exisiting species in the megatree,1290
Pinus_edulis,Pinus_edulis,exisiting species in the megatree,1291
Picea_abies,Picea_abies,exisiting species in the megatree,1292
Picea_sitchensis,Picea_sitchensis,exisiting species in the megatree,1293
Picea_orientalis,Picea_orientalis,exisiting species in the megatree,1294
Picea_mariana,Picea_mariana,exisiting species in the megatree,1295
Pseudotsuga_menziesii,Pseudotsuga_menziesii,exisiting species in the megatree,1296
Larix_decidua,Larix_decidua,exisiting species in the megatree,1297
Abies_balsamea,Abies_balsamea,exisiting species in the megatree,1298
Abies_lasiocarpa,Abies_lasiocarpa,exisiting species in the megatree,1299
Abies_alba,Abies_alba,exisiting species in the megatree,1300
Abies_grandis,Abies_grandis,exisiting species in the megatree,1301
Abies_concolor,Abies_concolor,exisiting species in the megatree,1302
Tsuga_canadensis,Tsuga_canadensis,exisiting species in the megatree,1303
Cedrus_deodara,Cedrus_deodara,exisiting species in the megatree,1304
Juniperus_monosperma,Juniperus_monosperma,exisiting species in the megatree,1305
Juniperus_virginiana,Juniperus_virginiana,exisiting species in the megatree,1306
Juniperus_phoenicea,Juniperus_phoenicea,exisiting species in the megatree,1307
Juniperus_communis,Juniperus_communis,exisiting species in the megatree,1308
Juniperus_oxycedrus,Juniperus_oxycedrus,exisiting species in the megatree,1309
Thuja_occidentalis,Thuja_occidentalis,exisiting species in the megatree,1310
Callitris_columellaris,Callitris_columellaris,exisiting species in the megatree,1311
Cryptomeria_japonica,Cryptomeria_japonica,exisiting species in the megatree,1312
Taxus_baccata,Taxus_baccata,exisiting species in the megatree,1313
Agathis_australis,Agathis_australis,exisiting species in the megatree,1314
Podocarpus_lawrencii,Podocarpus_lawrencii,grafted at genus level,1315
Macrozamia_communis,Macrozamia_communis,exisiting species in the megatree,1316
